loc.lat,loc.lon,t,device,os
40.75630238644382,-73.9905266253743,1304451093.650814,"iPhone3,1","4.3.2"
40.75805981444519,-73.98046327368434,1304451085.635168,"iPad1,1","4.3"
40.75815653160121,-73.99266117432032,1304451083.979796,"iPad1,1","4.3"
40.75630238644382,-73.9905266253743,1304451093.650814,"iPad2,1","4.3.1"
40.75630238644382,-73.9905266253743,1304451093.650814,"iPad1,1","4.3"
40.75815653160121,-73.99266117432032,1304451083.979796,"iPad2,1","4.3.1"
40.75805981444519,-73.98046327368434,1304451085.635168,"iPad2,1","4.3.1"
39.95119002081632,-75.16618672204083,1284474520.149835,"iPhone3,1","4.3.2"
39.99358797,-75.11353932636362,1284591832.288366,"iPhone3,1","4.3.2"
40.22407972,-74.79054212,1284592730.261098,"iPhone3,1","4.3.2"
40.72141915,-73.96399945,1284605793.215398,"iPhone3,1","4.3.2"
39.957261975,-75.20336138499999,1285196033.395618,"iPhone3,1","4.3.2"
39.99070132185184,-75.14816700518519,1285196258.03846,"iPhone3,1","4.3.2"
40.71221357333334,-74.00618629240741,1285269104.8808,"iPhone3,1","4.3.2"
40.70596073772727,-73.9971805,1285330144.776468,"iPhone3,1","4.3.2"
40.752976025,-74.003910355,1285335156.889884,"iPhone3,1","4.3.2"
40.774111461,-74.10306014599999,1285335539.684594,"iPhone3,1","4.3.2"
40.66558229863636,-73.8279979336364,1285410766.659983,"iPhone3,1","4.3.2"
34.1941401468421,-118.36686161,1285435808.964594,"iPhone3,1","4.3.2"
34.08162691726316,-118.3020426937895,1285441445.092025,"iPhone3,1","4.3.2"
34.09340185010102,-118.2839941907071,1285443967.609303,"iPhone3,1","4.3.2"
34.07677739333334,-118.2599827133334,1285451960.045668,"iPhone3,1","4.3.2"
34.10915457885246,-118.330891182295,1285529505.214367,"iPhone3,1","4.3.2"
34.1005401331959,-118.3299284762887,1285530020.635194,"iPhone3,1","4.3.2"
34.0544144687,-118.3071255982999,1285558491.505914,"iPhone3,1","4.3.2"
34.0547908589899,-118.2496428080809,1285562757.593034,"iPhone3,1","4.3.2"
34.07602284846155,-118.2624976640384,1285606142.91411,"iPhone3,1","4.3.2"
34.16924504196079,-118.6120525655882,1285607872.812611,"iPhone3,1","4.3.2"
34.2300001090909,-118.9956336929545,1285608949.623959,"iPhone3,1","4.3.2"
34.1852469659406,-119.2108424836634,1285610057.542429,"iPhone3,1","4.3.2"
34.43213963,-119.68716883,1285611295.153075,"iPhone3,1","4.3.2"
34.42863463141175,-119.645581432,1285611295.600597,"iPhone3,1","4.3.2"
34.42086732119046,-119.6900336861905,1285611527.049609,"iPhone3,1","4.3.2"
34.4384138075,-119.714946205,1285613754.503207,"iPhone3,1","4.3.2"
34.42386599336633,-119.7124842551485,1285613754.665738,"iPhone3,1","4.3.2"
34.44135382978721,-119.8077109043617,1285614004.149088,"iPhone3,1","4.3.2"
34.41936095762376,-119.8582555352475,1285634801.448187,"iPhone3,1","4.3.2"
34.29473204740383,-119.3028073789423,1285636931.203681,"iPhone3,1","4.3.2"
34.22680084554455,-119.0514101871287,1285637998.143911,"iPhone3,1","4.3.2"
34.15721364578125,-118.37994378625,1285640220.522138,"iPhone3,1","4.3.2"
34.15875009792208,-118.3664883167533,1285640259.032188,"iPhone3,1","4.3.2"
34.15182439254902,-118.3451480401961,1285640319.599635,"iPhone3,1","4.3.2"
34.16140529445782,-118.2930645159036,1285640608.108367,"iPhone3,1","4.3.2"
34.17192653947368,-118.2990480862105,1285640766.176323,"iPhone3,1","4.3.2"
34.19119875776119,-118.3234604410448,1285640995.704076,"iPhone3,1","4.3.2"
34.18099667279661,-118.3518637631356,1285643893.236484,"iPhone3,1","4.3.2"
40.64828275583334,-73.77618423583333,1285680236.213187,"iPhone3,1","4.3.2"
40.65382852212122,-73.80024068333333,1285680459.505882,"iPhone3,1","4.3.2"
40.6690518757143,-73.80471504316326,1285680613.341125,"iPhone3,1","4.3.2"
40.67220563531647,-73.88938015329111,1285681069.298577,"iPhone3,1","4.3.2"
40.67742495450553,-73.90374865175824,1285681240.71376,"iPhone3,1","4.3.2"
40.67652429948979,-73.92192739734695,1285681460.889462,"iPhone3,1","4.3.2"
40.68113962436781,-73.93867479643677,1285681633.046614,"iPhone3,1","4.3.2"
40.68266302,-73.94374109250001,1285681911.284,"iPhone3,1","4.3.2"
40.72393039666667,-74.18051505233332,1285686655.721019,"iPhone3,1","4.3.2"
40.68193009380952,-74.21427873190476,1285686689.069726,"iPhone3,1","4.3.2"
40.66175435875,-74.24131363875,1285686851.679727,"iPhone3,1","4.3.2"
40.63048478516129,-74.25332850338711,1285686886.437057,"iPhone3,1","4.3.2"
40.58420534,-74.26199486500001,1285686944.860309,"iPhone3,1","4.3.2"
40.574155915,-74.29923458269231,1285687043.897953,"iPhone3,1","4.3.2"
40.57853172999999,-74.35676268222223,1285687130.841667,"iPhone3,1","4.3.2"
40.46678045945454,-74.4730480316364,1285687480.281034,"iPhone3,1","4.3.2"
40.44896314700001,-74.50687522033333,1285687526.432781,"iPhone3,1","4.3.2"
40.37799397111112,-74.50348601888888,1285687603.688784,"iPhone3,1","4.3.2"
40.3824375825,-74.541542795,1285687672.730802,"iPhone3,1","4.3.2"
40.34198403914894,-74.58200293404254,1285687769.939406,"iPhone3,1","4.3.2"
40.28000242916666,-74.66819813666665,1285688004.18547,"iPhone3,1","4.3.2"
40.24675242666667,-74.68712587333333,1285688082.792162,"iPhone3,1","4.3.2"
40.5457695815,-74.33126869349999,1285890079.622185,"iPhone3,1","4.3.2"
40.56658427030001,-74.32435444569997,1285890220.319859,"iPhone3,1","4.3.2"
40.61459712242424,-74.26045417363636,1285890439.379891,"iPhone3,1","4.3.2"
40.742072978,-74.00607137111109,1285973644.143894,"iPhone3,1","4.3.2"
40.707962882,-73.99492647100001,1285973747.905355,"iPhone3,1","4.3.2"
40.70801436,-73.95379626,1286086211.009072,"iPhone3,1","4.3.2"
40.735310725,-73.991124595,1286321018.261986,"iPhone3,1","4.3.2"
39.94729262,-75.1597259,1286391481.255373,"iPhone3,1","4.3.2"
39.94239777,-75.141660565,1286455609.914375,"iPhone3,1","4.3.2"
40.75718821133333,-73.97695556666667,1286559953.639889,"iPhone3,1","4.3.2"
40.75688598567566,-73.97696274864866,1286559954.739897,"iPhone3,1","4.3.2"
40.77071749941177,-73.98289133235293,1286581086.95317,"iPhone3,1","4.3.2"
40.77705050166666,-73.98107314119049,1286596075.984415,"iPhone3,1","4.3.2"
40.66968919333333,-73.98109381666667,1286750136.036774,"iPhone3,1","4.3.2"
40.67011967333333,-73.97292868833334,1286750451.696365,"iPhone3,1","4.3.2"
39.96768884666666,-75.15478080666668,1286843065.933584,"iPhone3,1","4.3.2"
39.96729638366665,-75.16119274933334,1286846985.288569,"iPhone3,1","4.3.2"
40.71399583597221,-73.99520105972225,1286961555.529931,"iPhone3,1","4.3.2"
40.716147824,-73.998729895,1286961800.318205,"iPhone3,1","4.3.2"
40.72264783394736,-74.01014537184209,1286961934.140441,"iPhone3,1","4.3.2"
40.72884097732673,-74.03366750148516,1286961985.603048,"iPhone3,1","4.3.2"
40.7352826918644,-74.05774532135595,1286962197.345467,"iPhone3,1","4.3.2"
40.73565505682928,-74.06673610073169,1286962353.959606,"iPhone3,1","4.3.2"
40.73691000740741,-74.08048614888888,1286962354.229864,"iPhone3,1","4.3.2"
40.72039876,-74.08251358886595,1286962550.373152,"iPhone3,1","4.3.2"
40.72799083092308,-74.13141295030769,1286963097.652144,"iPhone3,1","4.3.2"
40.70223908029704,-74.18134007495047,1286963360.020948,"iPhone3,1","4.3.2"
40.67372759471429,-74.19925639414284,1286963626.580253,"iPhone3,1","4.3.2"
41.42593377782179,-81.86511509316828,1286970686.112154,"iPhone3,1","4.3.2"
41.50637819762377,-81.60914712742576,1286974420.509257,"iPhone3,1","4.3.2"
41.48296848113045,-81.68023377356525,1286980993.53988,"iPhone3,1","4.3.2"
40.77365558200001,-73.86517880066665,1287004470.072632,"iPhone3,1","4.3.2"
40.76004257025001,-73.89732105524999,1287006320.020725,"iPhone3,1","4.3.2"
40.72997912684211,-73.92999567947368,1287007084.088376,"iPhone3,1","4.3.2"
40.709909345,-73.96035674000001,1287007933.78579,"iPhone3,1","4.3.2"
40.76299374727272,-74.0358092690909,1287149813.077115,"iPhone3,1","4.3.2"
40.77911116333333,-74.08116775333333,1287149839.331253,"iPhone3,1","4.3.2"
40.75193172,-74.16250823999999,1287149990.033685,"iPhone3,1","4.3.2"
40.05324394466666,-75.00813477066667,1287153036.263401,"iPhone3,1","4.3.2"
40.32567886930694,-74.62860882396041,1287189411.050399,"iPhone3,1","4.3.2"
40.74998700333334,-73.98921638333333,1287193069.853038,"iPhone3,1","4.3.2"
40.70015737039605,-73.81052196108911,1287238412.071808,"iPhone3,1","4.3.2"
40.7487306269307,-73.08210943871286,1287241620.215494,"iPhone3,1","4.3.2"
40.79393275944955,-72.92916383642196,1287242619.570606,"iPhone3,1","4.3.2"
40.97132337118812,-72.19550357920794,1287246126.405697,"iPhone3,1","4.3.2"
41.03714292666667,-72.08629272,1287247415.612363,"iPhone3,1","4.3.2"
41.06542137669999,-71.97993892779998,1287336629.579192,"iPhone3,1","4.3.2"
40.66764753014287,-74.22035057442861,1287445337.129606,"iPhone3,1","4.3.2"
40.75817070571429,-73.98541188285715,1287512910.210825,"iPhone3,1","4.3.2"
40.75600926324324,-73.98333687702703,1287513194.17051,"iPhone3,1","4.3.2"
40.42676955987179,-74.513439904359,1287583590.499218,"iPhone3,1","4.3.2"
40.64839345489129,-74.23494383239129,1287700199.318679,"iPhone3,1","4.3.2"
40.74729575951218,-73.94499537817074,1287703447.387721,"iPhone3,1","4.3.2"
40.73561577,-73.95230296,1287704379.649808,"iPhone3,1","4.3.2"
40.735849495,-73.97414814999999,1287705058.627419,"iPhone3,1","4.3.2"
40.75858086,-73.986457105,1287789812.391044,"iPhone3,1","4.3.2"
40.7360121478,-73.97885231639999,1287807255.080059,"iPhone3,1","4.3.2"
40.7275870152459,-73.97426756622949,1287815316.126487,"iPhone3,1","4.3.2"
40.73498725062501,-73.96183689979165,1287867383.527511,"iPhone3,1","4.3.2"
40.73196601,-74.00946784,1287881766.178247,"iPhone3,1","4.3.2"
40.71878666142857,-73.99137705857142,1287969806.884137,"iPhone3,1","4.3.2"
39.94943516229167,-75.19238021687498,1287977456.293508,"iPhone3,1","4.3.2"
39.95936092933334,-75.16626651599999,1287978022.634639,"iPhone3,1","4.3.2"
39.95833792222223,-75.16181095,1287978334.71417,"iPhone3,1","4.3.2"
39.95225243428571,-75.13525482999999,1287978502.891061,"iPhone3,1","4.3.2"
39.95648747217392,-75.19936409173913,1288042259.499734,"iPhone3,1","4.3.2"
39.98268279903846,-75.2062196776923,1288042307.732775,"iPhone3,1","4.3.2"
39.98571696541664,-75.16345764322919,1288042409.58251,"iPhone3,1","4.3.2"
40.043368346,-75.02817668399999,1288042873.758404,"iPhone3,1","4.3.2"
40.03158926233333,-75.01759246333333,1288042937.133487,"iPhone3,1","4.3.2"
40.09676004,-74.94027425160002,1288043100.705074,"iPhone3,1","4.3.2"
40.10478242893939,-74.8672995090909,1288043209.161336,"iPhone3,1","4.3.2"
40.19894466666666,-74.79289786833334,1288043684.600175,"iPhone3,1","4.3.2"
40.2194611290164,-74.83056537967215,1288043721.284804,"iPhone3,1","4.3.2"
40.218360655,-74.73627541250001,1288043806.001594,"iPhone3,1","4.3.2"
40.49743524138612,-74.4486059927723,1288045525.986601,"iPhone3,1","4.3.2"
40.54527833960001,-74.381886278,1288045852.432314,"iPhone3,1","4.3.2"
39.93846997,-75.14537688499999,1288355800.020492,"iPhone3,1","4.3.2"
39.95036248375,-75.18137422500001,1288399446.812825,"iPhone3,1","4.3.2"
39.97265924148936,-75.18895022659574,1288401004.116466,"iPhone3,1","4.3.2"
40.01070751221052,-75.13996676789473,1288401349.649816,"iPhone3,1","4.3.2"
40.01931377657143,-75.06980044342859,1288401570.31747,"iPhone3,1","4.3.2"
40.21847638170455,-74.75147142840908,1288402654.460705,"iPhone3,1","4.3.2"
40.262418505,-74.705723995,1288402863.824265,"iPhone3,1","4.3.2"
40.26178239306932,-74.72285954079206,1288402866.536616,"iPhone3,1","4.3.2"
40.59973768099012,-74.28275322346536,1288404079.284067,"iPhone3,1","4.3.2"
40.71611564541667,-73.98888309562498,1288407259.888401,"iPhone3,1","4.3.2"
39.94490161866667,-75.16068253933334,1288469433.302501,"iPhone3,1","4.3.2"
39.92692802575758,-75.14770148757576,1288499748.806059,"iPhone3,1","4.3.2"
39.95303605083333,-75.16879419833333,1288560003.051731,"iPhone3,1","4.3.2"
40.75485102791666,-73.99845451916666,1288569195.91873,"iPhone3,1","4.3.2"
39.95909637157894,-75.18988348157895,1288673415.394478,"iPhone3,1","4.3.2"
39.95790741567568,-75.1540236954054,1288673620.596477,"iPhone3,1","4.3.2"
39.94761288342857,-75.1421269485714,1288673927.593108,"iPhone3,1","4.3.2"
40.75293957666667,-73.99554494333334,1288791281.143017,"iPhone3,1","4.3.2"
40.750846436,-73.98975804599999,1288791820.702321,"iPhone3,1","4.3.2"
40.75360602,-73.99233001,1288792876.761637,"iPhone3,1","4.3.2"
39.95295617875,-75.1458542675,1288897709.701944,"iPhone3,1","4.3.2"
39.95537532103094,-75.17412795422679,1288914580.29927,"iPhone3,1","4.3.2"
40.756706483,-73.995315439,1288980545.378682,"iPhone3,1","4.3.2"
40.7520453725,-73.9865055925,1289003324.338818,"iPhone3,1","4.3.2"
40.72321310376812,-73.97959799173911,1289005888.764552,"iPhone3,1","4.3.2"
40.72189490566667,-73.98383330466666,1289015097.286368,"iPhone3,1","4.3.2"
40.71241970135135,-73.98898281324325,1289015525.501942,"iPhone3,1","4.3.2"
40.71654547414635,-73.97822056609756,1289015525.798658,"iPhone3,1","4.3.2"
40.72198392,-73.96554538000001,1289094966.881598,"iPhone3,1","4.3.2"
40.7553907,-73.98671156,1289310555.147755,"iPhone3,1","4.3.2"
40.7322387,-73.94469225,1289355700.147965,"iPhone3,1","4.3.2"
40.73275153538462,-73.95350927000001,1289355701.840893,"iPhone3,1","4.3.2"
40.74437500909091,-73.93247601727272,1289396577.237381,"iPhone3,1","4.3.2"
40.76283092023257,-73.91241325465116,1289396703.047097,"iPhone3,1","4.3.2"
40.856423421,-73.82984025266667,1289397320.547005,"iPhone3,1","4.3.2"
41.30865317,-72.27621326333333,1289405167.36201,"iPhone3,1","4.3.2"
41.838598628,-71.44142953800001,1289409859.417323,"iPhone3,1","4.3.2"
41.83196842,-71.42173981000001,1289411477.087935,"iPhone3,1","4.3.2"
41.81614156933333,-71.37207918866666,1289430938.077172,"iPhone3,1","4.3.2"
41.82321107,-71.39709698999999,1289518278.602098,"iPhone3,1","4.3.2"
41.68076688571428,-71.49991044285714,1289522382.923168,"iPhone3,1","4.3.2"
41.56769468287234,-71.50358626021276,1289522483.944457,"iPhone3,1","4.3.2"
41.32607400069767,-72.24189283093024,1289525423.408467,"iPhone3,1","4.3.2"
41.21021468999999,-73.11302367333333,1289528877.502494,"iPhone3,1","4.3.2"
41.14681773100001,-73.29543332666667,1289529610.229705,"iPhone3,1","4.3.2"
41.14142021333333,-73.35248814592593,1289529791.671371,"iPhone3,1","4.3.2"
41.08236324761904,-73.44196768222224,1289530340.402008,"iPhone3,1","4.3.2"
40.6827075523077,-73.94617723384614,1289616234.911652,"iPhone3,1","4.3.2"
40.67227202874999,-73.9522467475,1289616661.401386,"iPhone3,1","4.3.2"
40.73223277181818,-73.98562030545455,1289695769.79624,"iPhone3,1","4.3.2"
40.75121963,-73.9951114,1289739052.633489,"iPhone3,1","4.3.2"
40.76869752169014,-74.04306271450704,1289740312.555587,"iPhone3,1","4.3.2"
40.75548284742857,-74.04558167942855,1289740347.378385,"iPhone3,1","4.3.2"
40.75071375946427,-74.05522606446428,1289740371.387363,"iPhone3,1","4.3.2"
40.76271528743902,-74.06622779878047,1289740398.682238,"iPhone3,1","4.3.2"
40.75137533257733,-74.1108506185567,1289740509.115256,"iPhone3,1","4.3.2"
40.75678910375001,-74.14721220671876,1289740605.3924,"iPhone3,1","4.3.2"
40.74134574999999,-74.16207636010205,1289740682.720919,"iPhone3,1","4.3.2"
40.05456909,-74.996685325,1289744200.156841,"iPhone3,1","4.3.2"
40.01212122181818,-75.04629495454546,1289744274.537227,"iPhone3,1","4.3.2"
40.0285816033,-75.04422958949999,1289744281.10918,"iPhone3,1","4.3.2"
39.95231240508772,-75.16335237263159,1289746115.46689,"iPhone3,1","4.3.2"
39.95028083010417,-75.15213112229169,1289746454.052095,"iPhone3,1","4.3.2"
40.38097605597222,-74.58689181277778,1289768893.253568,"iPhone3,1","4.3.2"
40.3877694208911,-74.5315340850495,1289768975.024438,"iPhone3,1","4.3.2"
40.67806716,-73.95117166923076,1289773974.831906,"iPhone3,1","4.3.2"
40.74986260600001,-73.991989672,1289865724.799238,"iPhone3,1","4.3.2"
40.72169431460001,-73.98735416799997,1289876816.684501,"iPhone3,1","4.3.2"
40.71219438923077,-73.96840497538462,1290392054.202681,"iPhone3,1","4.3.2"
42.35418125307693,-71.05159707307692,1290655728.721625,"iPhone3,1","4.3.2"
42.36566984,-71.36942988,1290700964.300425,"iPhone3,1","4.3.2"
42.40617385,-71.40404513,1290790289.946549,"iPhone3,1","4.3.2"
42.40774367289473,-71.32002503368422,1290800269.794128,"iPhone3,1","4.3.2"
42.37556688700001,-71.133160065,1290802511.027778,"iPhone3,1","4.3.2"
42.3871036175,-71.10747727749998,1290807656.269421,"iPhone3,1","4.3.2"
42.48996223571429,-71.32847491309521,1290885690.065232,"iPhone3,1","4.3.2"
42.40066484935485,-71.12710607419356,1290890966.277265,"iPhone3,1","4.3.2"
42.43220491576471,-71.26725281270586,1290894345.035688,"iPhone3,1","4.3.2"
42.39005986333333,-71.45212798666667,1290909737.154716,"iPhone3,1","4.3.2"
42.37835004966667,-71.45671181733334,1290948192.274381,"iPhone3,1","4.3.2"
42.35028146203704,-71.06126592722222,1290952025.032812,"iPhone3,1","4.3.2"
40.87600178714286,-73.84162542214287,1290963753.767024,"iPhone3,1","4.3.2"
40.74537997051282,-73.98841381410257,1290966705.865727,"iPhone3,1","4.3.2"
40.70294745500001,-73.99533518625,1290990060.616336,"iPhone3,1","4.3.2"
40.70268505,-73.99396896,1290997200.327253,"iPhone3,1","4.3.2"
40.73124457666666,-73.99799598666665,1291040420.14395,"iPhone3,1","4.3.2"
40.73822123139534,-74.00410840418606,1291076664.889983,"iPhone3,1","4.3.2"
40.73514354095238,-74.00606733142857,1291077152.202073,"iPhone3,1","4.3.2"
40.73743110802084,-74.00940122552085,1291077223.279825,"iPhone3,1","4.3.2"
40.73824042758621,-74.00211264034485,1291082516.11137,"iPhone3,1","4.3.2"
40.72089839125,-74.009207735,1291247646.197266,"iPhone3,1","4.3.2"
40.71864799333333,-73.99924621666668,1291260960.306391,"iPhone3,1","4.3.2"
40.72587294238095,-73.99610385238095,1291261427.206026,"iPhone3,1","4.3.2"
40.67039898259259,-73.96235461722225,1291426322.234885,"iPhone3,1","4.3.2"
40.71734554764706,-74.00565302882353,1291496648.489055,"iPhone3,1","4.3.2"
40.71454211071428,-74.01045804285715,1291496836.271831,"iPhone3,1","4.3.2"
40.71839852581081,-74.01517966054054,1291497749.533806,"iPhone3,1","4.3.2"
40.69162142,-73.99670838999999,1291502326.790763,"iPhone3,1","4.3.2"
40.8139960208,-73.9555295896,1292004637.554071,"iPhone3,1","4.3.2"
40.81710693642104,-73.95903854621052,1292004653.357624,"iPhone3,1","4.3.2"
40.68002662666667,-73.95365561666667,1292169881.461063,"iPhone3,1","4.3.2"
40.728666565,-73.948964295,1292302895.05392,"iPhone3,1","4.3.2"
40.721136,-73.96205043000001,1292376835.124387,"iPhone3,1","4.3.2"
40.73472064,-73.99447417,1292451873.145242,"iPhone3,1","4.3.2"
40.73436599,-73.99253743,1292451873.975523,"iPhone3,1","4.3.2"
40.73563305583333,-73.98670321433335,1292633512.159372,"iPhone3,1","4.3.2"
40.71024335904762,-73.96088589714284,1292640379.714397,"iPhone3,1","4.3.2"
40.68926829,-73.96451979,1292700745.222668,"iPhone3,1","4.3.2"
40.73141362833334,-73.95433947833334,1292720520.84771,"iPhone3,1","4.3.2"
40.67675191,-73.96113699,1292776435.594417,"iPhone3,1","4.3.2"
40.754161465,-73.98512308375,1292866281.982713,"iPhone3,1","4.3.2"
40.75256140888889,-73.99259833388891,1292887939.700055,"iPhone3,1","4.3.2"
40.73084187,-74.00435653,1292887964.921789,"iPhone3,1","4.3.2"
40.72998790249999,-74.00611632249999,1292887965.121152,"iPhone3,1","4.3.2"
40.73397532101695,-74.00520513067798,1292889420.175554,"iPhone3,1","4.3.2"
40.75512059265624,-73.99502175921876,1293073891.477213,"iPhone3,1","4.3.2"
40.64226379266667,-73.79252937933333,1293158949.003444,"iPhone3,1","4.3.2"
39.71324029631578,-104.9419034921053,1293241991.542403,"iPhone3,1","4.3.2"
39.75358482642856,-104.9662262364286,1293242344.096991,"iPhone3,1","4.3.2"
39.76102566333333,-104.9325182366667,1293425364.508719,"iPhone3,1","4.3.2"
39.74994206571429,-104.9918394757143,1293590977.371854,"iPhone3,1","4.3.2"
39.74838197271188,-104.9799298754237,1293591835.813442,"iPhone3,1","4.3.2"
39.72745463615384,-104.9011131384615,1293593216.556611,"iPhone3,1","4.3.2"
39.54428104287128,-106.1729901614851,1293649341.890743,"iPhone3,1","4.3.2"
39.75357399009903,-105.0129002919802,1293677593.014817,"iPhone3,1","4.3.2"
39.75814976833333,-104.937096195,1293777927.492239,"iPhone3,1","4.3.2"
39.73966757499999,-104.9655823630435,1293805936.844386,"iPhone3,1","4.3.2"
39.63582269841583,-105.917853119109,1293823774.450137,"iPhone3,1","4.3.2"
39.72432464263158,-104.9653339310526,1293840270.592726,"iPhone3,1","4.3.2"
39.74998972333334,-104.94095171,1293864757.085013,"iPhone3,1","4.3.2"
39.73408025309524,-104.9369652235715,1293952518.224846,"iPhone3,1","4.3.2"
39.68542610861387,-104.9666930985148,1294017197.542079,"iPhone3,1","4.3.2"
39.74473315842105,-104.9915319769737,1294018409.042495,"iPhone3,1","4.3.2"
39.73804414239999,-104.9873695728,1294019358.112013,"iPhone3,1","4.3.2"
39.73165207346154,-104.980862334327,1294019845.34912,"iPhone3,1","4.3.2"
39.75194999861386,-104.9011141784158,1294026955.605677,"iPhone3,1","4.3.2"
39.84074271175923,-104.6801944167592,1294037408.739288,"iPhone3,1","4.3.2"
40.6667572220202,-73.76613052171713,1294054483.674825,"iPhone3,1","4.3.2"
40.65014048533332,-73.77651869895237,1294055417.806268,"iPhone3,1","4.3.2"
40.6765948690099,-73.84077686237623,1294056943.628793,"iPhone3,1","4.3.2"
40.7466416025,-73.99586644500002,1294063715.152464,"iPhone3,1","4.3.2"
40.76310207766666,-73.99393637033334,1294270862.58512,"iPhone3,1","4.3.2"
40.7166516851852,-74.00112015555554,1294280828.888953,"iPhone3,1","4.3.2"
40.75196156,-73.994914548,1294409383.10141,"iPhone3,1","4.3.2"
40.75483751,-73.98907297,1294419360.634288,"iPhone3,1","4.3.2"
40.80087767659574,-73.96183161914892,1294454523.816335,"iPhone3,1","4.3.2"
40.67613741,-73.95717719000001,1294511020.441767,"iPhone3,1","4.3.2"
40.72871487070423,-73.99105381845069,1294607131.459213,"iPhone3,1","4.3.2"
40.72149869971429,-73.99444425599998,1294609427.660015,"iPhone3,1","4.3.2"
40.7238920973077,-73.99720735512824,1294612700.404716,"iPhone3,1","4.3.2"
40.7244719525,-73.99934987500001,1294613513.505972,"iPhone3,1","4.3.2"
40.75715196,-73.99268126,1294668620.737867,"iPhone3,1","4.3.2"
40.74326683,-73.99218308890909,1294701928.270682,"iPhone3,1","4.3.2"
40.75516571857143,-73.98550578142856,1294787875.594071,"iPhone3,1","4.3.2"
40.72080367,-74.00392708,1294787877.741553,"iPhone3,1","4.3.2"
40.72012147846939,-73.99969705795921,1294788085.887456,"iPhone3,1","4.3.2"
40.7293451375,-74.010896672,1294788897.337484,"iPhone3,1","4.3.2"
40.75113862157896,-73.99409548821052,1294844336.138497,"iPhone3,1","4.3.2"
40.75959484929825,-73.99523636403507,1294883614.997268,"iPhone3,1","4.3.2"
40.76005932,-73.987717085,1294884793.009982,"iPhone3,1","4.3.2"
40.73181253819279,-73.98936424807229,1294886005.121612,"iPhone3,1","4.3.2"
40.72816672433963,-73.98130888830188,1294893190.65303,"iPhone3,1","4.3.2"
40.73195579849464,-73.98168871881722,1294893625.216895,"iPhone3,1","4.3.2"
40.75678765,-73.98589164000001,1294961940.692592,"iPhone3,1","4.3.2"
40.74752065338983,-74.00578419983052,1294967916.184438,"iPhone3,1","4.3.2"
40.73419208925001,-73.99037831524998,1295064429.258332,"iPhone3,1","4.3.2"
40.67349367125,-73.964641723125,1295066960.379105,"iPhone3,1","4.3.2"
40.69107241552764,-73.95818015346737,1295325115.230597,"iPhone3,1","4.3.2"
40.69018321459461,-73.95772383709459,1295325116.147306,"iPhone3,1","4.3.2"
40.75833515666667,-73.989179505,1295394893.320769,"iPhone3,1","4.3.2"
40.72405272591396,-73.9501695432258,1295395908.770461,"iPhone3,1","4.3.2"
40.7255712449635,-73.9534591779562,1295396185.801052,"iPhone3,1","4.3.2"
40.72781541241829,-73.94997388627453,1295406709.717668,"iPhone3,1","4.3.2"
40.730417628,-73.94763184199999,1295406709.751096,"iPhone3,1","4.3.2"
40.72836679798702,-73.95011612772724,1295406710.720095,"iPhone3,1","4.3.2"
40.757991465625,-73.98641464375,1295463163.436842,"iPhone3,1","4.3.2"
40.75967117990224,-73.98489990765471,1295463163.71798,"iPhone3,1","4.3.2"
40.757145965,-73.989346735,1295466066.93991,"iPhone3,1","4.3.2"
40.71412707740523,-74.00634349154511,1295467590.028955,"iPhone3,1","4.3.2"
40.70701042945454,-74.01024908145456,1295467590.057105,"iPhone3,1","4.3.2"
40.70571495988636,-74.00818161909093,1295469761.517443,"iPhone3,1","4.3.2"
40.70714164617645,-74.01048525272057,1295469761.682493,"iPhone3,1","4.3.2"
40.70730179233122,-74.00995758813382,1295469762.806124,"iPhone3,1","4.3.2"
40.70726340226337,-74.01058831851854,1295469762.89525,"iPhone3,1","4.3.2"
40.6849103975,-73.96142901,1295616451.31867,"iPhone3,1","4.3.2"
40.68734073705883,-73.96336575558823,1295616452.64035,"iPhone3,1","4.3.2"
40.7534057425,-73.98938010249999,1295619016.762879,"iPhone3,1","4.3.2"
40.75552550308824,-73.99149599382355,1295619018.253055,"iPhone3,1","4.3.2"
40.75623452,-73.99034648999999,1295619019.473658,"iPhone3,1","4.3.2"
40.75560802,-73.989847,1295619022.355886,"iPhone3,1","4.3.2"
41.15897818721312,-73.2440458664754,1295652918.846505,"iPhone3,1","4.3.2"
41.15861361490323,-73.24274209516128,1295652919.217011,"iPhone3,1","4.3.2"
41.17661073468194,-73.18883372053432,1295653136.365264,"iPhone3,1","4.3.2"
41.19188104988506,-73.18625007632183,1295653136.390637,"iPhone3,1","4.3.2"
41.17809394775509,-73.16830078326527,1295653137.465044,"iPhone3,1","4.3.2"
41.19447367913044,-73.13622782275365,1295653287.534056,"iPhone3,1","4.3.2"
41.19468707395352,-73.12991177345511,1295653287.791226,"iPhone3,1","4.3.2"
41.19929935256143,-73.12116409375433,1295653288.007481,"iPhone3,1","4.3.2"
41.22141322460673,-73.0821084603371,1295653500.528754,"iPhone3,1","4.3.2"
41.24093891543069,-73.02224721640448,1295653660.770025,"iPhone3,1","4.3.2"
41.2356579372093,-73.02851858627906,1295653661.563632,"iPhone3,1","4.3.2"
41.2389582815,-73.01903279740002,1295654565.967663,"iPhone3,1","4.3.2"
41.39781515223257,-73.06574865834104,1295654566.735853,"iPhone3,1","4.3.2"
41.27911340920792,-72.95106768148516,1295658604.632949,"iPhone3,1","4.3.2"
41.28304718015343,-72.95008694974422,1295658604.959234,"iPhone3,1","4.3.2"
41.76611277125001,-72.62355483281253,1295660750.08444,"iPhone3,1","4.3.2"
41.7599413450213,-72.63442571808508,1295660751.871441,"iPhone3,1","4.3.2"
41.7637698685394,-72.63240199350864,1295660756.659114,"iPhone3,1","4.3.2"
42.05237387811881,-72.14014741574256,1295663113.922188,"iPhone3,1","4.3.2"
42.42823351114755,-71.36542982306004,1295710576.654852,"iPhone3,1","4.3.2"
42.51849158574161,-71.34428635224266,1295710578.056299,"iPhone3,1","4.3.2"
42.3692606059,-71.43533257550001,1295739069.183474,"iPhone3,1","4.3.2"
42.43032576957447,-71.37096775319147,1295741133.046838,"iPhone3,1","4.3.2"
42.47414208772277,-71.42033900306933,1295745495.355863,"iPhone3,1","4.3.2"
42.44901448202018,-71.3245888690909,1295807937.837207,"iPhone3,1","4.3.2"
40.7931743150495,-73.82906698554459,1295824670.957181,"iPhone3,1","4.3.2"
40.72979657729731,-73.88321994243243,1295825125.875759,"iPhone3,1","4.3.2"
40.72812725028985,-73.88449909507244,1295825125.951651,"iPhone3,1","4.3.2"
40.74497497,-73.91017204000001,1295825280.045592,"iPhone3,1","4.3.2"
40.73326602235293,-73.92749804352943,1295825512.714269,"iPhone3,1","4.3.2"
40.73356308412794,-73.90175089151161,1295825513.543759,"iPhone3,1","4.3.2"
40.73269705066039,-73.89990697971699,1295825513.617861,"iPhone3,1","4.3.2"
40.72450347636363,-73.93528519181818,1295825821.806769,"iPhone3,1","4.3.2"
40.72314722045871,-73.94058699518345,1295825822.231611,"iPhone3,1","4.3.2"
40.72285481905963,-73.94349434075686,1295825822.851277,"iPhone3,1","4.3.2"
40.70788592121019,-73.9570128329936,1295825934.530545,"iPhone3,1","4.3.2"
40.70873386812749,-73.95950531940242,1295825935.930524,"iPhone3,1","4.3.2"
40.68550057257143,-73.95767086085715,1295827635.490847,"iPhone3,1","4.3.2"
40.68566581030487,-73.96535560682923,1295828364.66787,"iPhone3,1","4.3.2"
40.68624057873564,-73.96529198919541,1295828365.056847,"iPhone3,1","4.3.2"
40.70167094,-73.96898907000001,1295828559.379482,"iPhone3,1","4.3.2"
40.69414693363637,-73.95576224740262,1295828728.907175,"iPhone3,1","4.3.2"
40.69555539989691,-73.95633079969069,1295828731.068069,"iPhone3,1","4.3.2"
40.70810679764705,-73.96060945235295,1295828791.194935,"iPhone3,1","4.3.2"
40.69901421927351,-73.95439954230773,1295828791.342802,"iPhone3,1","4.3.2"
40.75597221368421,-73.99365750210526,1295905106.069426,"iPhone3,1","4.3.2"
40.75603887600001,-73.989670726,1295964550.190359,"iPhone3,1","4.3.2"
40.75558872737113,-73.98834211438144,1295964550.876127,"iPhone3,1","4.3.2"
40.75793364,-73.98937168,1295971119.514545,"iPhone3,1","4.3.2"
40.75721805179999,-73.98782477899998,1295971201.139703,"iPhone3,1","4.3.2"
40.75936847,-73.98981046,1296051096.292944,"iPhone3,1","4.3.2"
40.6861442095,-73.96032562299999,1296097742.120059,"iPhone3,1","4.3.2"
40.68802818869231,-73.95794377000001,1296097742.863646,"iPhone3,1","4.3.2"
40.68001812,-73.9538483,1296133334.787079,"iPhone3,1","4.3.2"
40.68424110416667,-73.96049712875002,1296135352.157664,"iPhone3,1","4.3.2"
40.68522464999999,-73.95909419500001,1296263877.984933,"iPhone3,1","4.3.2"
40.70029693833334,-73.99282242,1296359199.681615,"iPhone3,1","4.3.2"
40.70282823246574,-73.99010129486301,1296359200.193418,"iPhone3,1","4.3.2"
40.70191081333333,-73.98784631733335,1296359200.817936,"iPhone3,1","4.3.2"
40.70220244263249,-73.98079377784615,1296359201.185938,"iPhone3,1","4.3.2"
40.70185141022127,-73.98747574473443,1296359203.184023,"iPhone3,1","4.3.2"
40.70651952272727,-73.98888262272727,1296359311.933925,"iPhone3,1","4.3.2"
40.70291708989584,-73.9891452940625,1296359312.550467,"iPhone3,1","4.3.2"
40.68374063940789,-73.95545835598686,1296372433.495995,"iPhone3,1","4.3.2"
40.6804322,-73.95515745,1296565239.343226,"iPhone3,1","4.3.2"
40.731476825,-73.962854695,1296570376.825336,"iPhone3,1","4.3.2"
40.68110328,-73.95791441,1296652270.435929,"iPhone3,1","4.3.2"
40.75802992,-73.98945263444446,1296661425.797356,"iPhone3,1","4.3.2"
40.75808631534618,-73.98638525011545,1296666955.415887,"iPhone3,1","4.3.2"
40.75635728285715,-73.99015270285715,1296687682.083595,"iPhone3,1","4.3.2"
40.75724251666666,-73.98926233,1296687718.434772,"iPhone3,1","4.3.2"
40.7573039035,-73.99022527350003,1296687719.604138,"iPhone3,1","4.3.2"
40.72637236540671,-74.00400886334926,1296688644.169167,"iPhone3,1","4.3.2"
40.72398872703704,-74.00129924074076,1296688645.94986,"iPhone3,1","4.3.2"
40.72651523141127,-74.00576828201612,1296688646.619591,"iPhone3,1","4.3.2"
40.72580574301371,-74.00869210260271,1296689135.720217,"iPhone3,1","4.3.2"
40.72564614971224,-74.00910627597119,1296689135.999021,"iPhone3,1","4.3.2"
40.72729946733334,-74.00998436811111,1296689136.279794,"iPhone3,1","4.3.2"
40.72489173379054,-74.00188939887781,1296693628.276978,"iPhone3,1","4.3.2"
40.72073727104893,-74.00259560342656,1296698381.210484,"iPhone3,1","4.3.2"
40.72155637765432,-74.00510564901236,1296698381.255735,"iPhone3,1","4.3.2"
40.72103268994535,-74.00214003163939,1296698381.84774,"iPhone3,1","4.3.2"
40.7615413296,-73.99076812559998,1296742957.994726,"iPhone3,1","4.3.2"
40.75629113190475,-73.98879349309523,1296862220.458769,"iPhone3,1","4.3.2"
40.737923315,-73.997340615,1296863991.347119,"iPhone3,1","4.3.2"
40.73759470377049,-73.99714779688524,1296863992.796079,"iPhone3,1","4.3.2"
40.73723951196721,-73.99698667442622,1296863993.011343,"iPhone3,1","4.3.2"
40.73804369274146,-73.9924537600934,1296863997.59388,"iPhone3,1","4.3.2"
40.73614585226891,-73.99778502563022,1296865428.065567,"iPhone3,1","4.3.2"
40.73341082222223,-73.99931047666666,1296866581.723529,"iPhone3,1","4.3.2"
40.73305684178572,-74.00062410000001,1296866582.156225,"iPhone3,1","4.3.2"
40.73329630834644,-74.00070458496062,1296866584.650549,"iPhone3,1","4.3.2"
40.68034723525424,-73.9678770961017,1296969965.764473,"iPhone3,1","4.3.2"
40.68086357617415,-73.96810361269129,1296969966.417426,"iPhone3,1","4.3.2"
40.68192629642857,-73.96503852321429,1296969969.629881,"iPhone3,1","4.3.2"
40.68344204268293,-73.96666454902437,1296972381.444718,"iPhone3,1","4.3.2"
40.68748948299999,-73.94615955949999,1296972505.532064,"iPhone3,1","4.3.2"
40.68461436588235,-73.96717195807489,1296972542.6414,"iPhone3,1","4.3.2"
40.68415527897435,-73.96481986307691,1296972619.31269,"iPhone3,1","4.3.2"
40.68453590768,-73.96401726648003,1296972778.099526,"iPhone3,1","4.3.2"
40.68471054224999,-73.96150786824998,1296972909.496984,"iPhone3,1","4.3.2"
40.71031563652175,-73.95667288086956,1297028634.894845,"iPhone3,1","4.3.2"
40.70904589086053,-73.95495102347179,1297028636.001452,"iPhone3,1","4.3.2"
40.71056135665969,-73.95788277336115,1297028636.61397,"iPhone3,1","4.3.2"
40.69658812941368,-73.99692724315962,1297028915.682557,"iPhone3,1","4.3.2"
40.69398653454547,-73.9985237861091,1297028916.118374,"iPhone3,1","4.3.2"
40.69833922190477,-73.99837356023808,1297028916.149803,"iPhone3,1","4.3.2"
40.69511768036671,-73.99750352336666,1297028918.488994,"iPhone3,1","4.3.2"
40.69398731947678,-73.99004928637139,1297028924.885167,"iPhone3,1","4.3.2"
40.69245196498235,-73.99822229985863,1297028925.238639,"iPhone3,1","4.3.2"
40.69098394129632,-74.00054460259261,1297028937.634065,"iPhone3,1","4.3.2"
40.68887824445382,-73.99769389289915,1297028953.302409,"iPhone3,1","4.3.2"
40.68776882952568,-73.99897426513843,1297028957.773407,"iPhone3,1","4.3.2"
40.68681122684014,-74.00078190107806,1297028970.608999,"iPhone3,1","4.3.2"
40.67452295923077,-74.00351294230769,1297029193.32114,"iPhone3,1","4.3.2"
40.66160897735296,-73.99915513970586,1297029194.173515,"iPhone3,1","4.3.2"
40.66316907844354,-73.99601146019452,1297029195.954276,"iPhone3,1","4.3.2"
40.66296072950979,-73.99547461460782,1297029196.093017,"iPhone3,1","4.3.2"
40.6396860960396,-74.02172360495051,1297029350.021785,"iPhone3,1","4.3.2"
40.63794279227026,-74.0217107906216,1297029352.045175,"iPhone3,1","4.3.2"
40.61046112259999,-74.03317543529998,1297029504.013934,"iPhone3,1","4.3.2"
40.6034558009901,-74.06742005405941,1297029668.568604,"iPhone3,1","4.3.2"
40.60115723215191,-74.06495962541145,1297029668.674856,"iPhone3,1","4.3.2"
40.61442796815164,-74.15209947004743,1297030134.062213,"iPhone3,1","4.3.2"
40.61467801966667,-74.1522811043333,1297030134.391342,"iPhone3,1","4.3.2"
40.61943070940594,-74.15220296990096,1297030134.426098,"iPhone3,1","4.3.2"
40.633053945,-74.18749646471427,1297030221.498322,"iPhone3,1","4.3.2"
40.65254536646465,-74.20291094060609,1297030314.611688,"iPhone3,1","4.3.2"
40.53513126140185,-74.33618756775701,1297031084.462496,"iPhone3,1","4.3.2"
40.52027695722771,-74.35845502702966,1297031085.706025,"iPhone3,1","4.3.2"
40.52132578999998,-74.36135790315596,1297031086.50524,"iPhone3,1","4.3.2"
40.44382146313043,-74.4211920471304,1297031527.972815,"iPhone3,1","4.3.2"
40.1690439770297,-74.65743922712872,1297033399.72902,"iPhone3,1","4.3.2"
40.0433737530435,-74.80954220440219,1297033988.438755,"iPhone3,1","4.3.2"
40.06831117430769,-74.77899643600001,1297033988.630536,"iPhone3,1","4.3.2"
40.04365595497584,-74.80827548792267,1297033989.007722,"iPhone3,1","4.3.2"
40.01991416584159,-74.84762561287131,1297034181.203059,"iPhone3,1","4.3.2"
39.95562519852633,-74.92221985368417,1297034434.177925,"iPhone3,1","4.3.2"
39.93686623564557,-74.94489000620258,1297034517.422325,"iPhone3,1","4.3.2"
39.93149542556576,-74.96020637134554,1297034576.074008,"iPhone3,1","4.3.2"
39.93530684380002,-74.9648597133,1297034742.180303,"iPhone3,1","4.3.2"
39.94936098457143,-74.98411626057148,1297034817.642344,"iPhone3,1","4.3.2"
39.97936889196968,-74.98521090606059,1297034959.232148,"iPhone3,1","4.3.2"
39.976734455,-75.04848932499999,1297035036.171375,"iPhone3,1","4.3.2"
39.97345760902914,-75.03275784271847,1297035036.500801,"iPhone3,1","4.3.2"
39.97420463158415,-75.02832003158414,1297035036.533481,"iPhone3,1","4.3.2"
39.97120275873419,-75.02983358645574,1297035037.670378,"iPhone3,1","4.3.2"
39.97852946170539,-75.10934048976749,1297035102.93262,"iPhone3,1","4.3.2"
39.99601017916892,-75.08371620911522,1297035427.190689,"iPhone3,1","4.3.2"
39.99058983436782,-75.09219160586208,1297035427.229499,"iPhone3,1","4.3.2"
39.98788407872237,-75.10590790938437,1297035427.923276,"iPhone3,1","4.3.2"
39.96171361233335,-75.14436276816666,1297036199.938658,"iPhone3,1","4.3.2"
39.9703882621739,-75.13473700391305,1297036200.858032,"iPhone3,1","4.3.2"
39.97009843084108,-75.13578290331776,1297036201.184325,"iPhone3,1","4.3.2"
39.97034564034232,-75.1360763786216,1297050488.291238,"iPhone3,1","4.3.2"
39.97608726692307,-75.13127452923077,1297055113.700061,"iPhone3,1","4.3.2"
39.97309149027028,-75.12518098386104,1297055114.078357,"iPhone3,1","4.3.2"
40.00838191900991,-75.09060715920791,1297055430.584349,"iPhone3,1","4.3.2"
39.97756775272079,-75.08266270314431,1297055517.56148,"iPhone3,1","4.3.2"
40.00082307748202,-74.9872423614748,1297055802.750943,"iPhone3,1","4.3.2"
40.01520845910258,-74.97307251333328,1297055903.548001,"iPhone3,1","4.3.2"
40.00966423392407,-74.96487522316444,1297055904.366287,"iPhone3,1","4.3.2"
39.9828522663075,-74.96868795442344,1297055904.845595,"iPhone3,1","4.3.2"
40.03446996565573,-74.95383673516389,1297056102.881101,"iPhone3,1","4.3.2"
40.03719452812336,-74.91554733637528,1297056103.278322,"iPhone3,1","4.3.2"
40.04697524267178,-74.90633757580152,1297056255.337702,"iPhone3,1","4.3.2"
40.0649730065625,-74.85434904937497,1297056560.755118,"iPhone3,1","4.3.2"
40.07525365447012,-74.84250037279376,1297056562.822048,"iPhone3,1","4.3.2"
40.75594807410714,-73.99388877624996,1297199588.240398,"iPhone3,1","4.3.2"
40.75515494232705,-73.99076281827043,1297199592.783914,"iPhone3,1","4.3.2"
40.75704342453781,-73.99328962327732,1297199592.982409,"iPhone3,1","4.3.2"
40.75599627714286,-73.99005923357143,1297199604.676117,"iPhone3,1","4.3.2"
40.6793639,-73.95558309,1297256510.291709,"iPhone3,1","4.3.2"
40.71816514412993,-73.95486664809221,1297299060.471112,"iPhone3,1","4.3.2"
40.71892768356433,-73.95646086042906,1297299072.488493,"iPhone3,1","4.3.2"
40.72412878,-73.96142462333333,1297302015.248075,"iPhone3,1","4.3.2"
40.72497065131579,-73.95213994578947,1297302015.643729,"iPhone3,1","4.3.2"
40.72337500882353,-73.95156153470587,1297302304.606225,"iPhone3,1","4.3.2"
40.683937545,-73.954897695,1297344035.303662,"iPhone3,1","4.3.2"
40.72423815785714,-73.95202386976189,1297389879.359899,"iPhone3,1","4.3.2"
40.73016567555555,-73.95442997111113,1297389879.401804,"iPhone3,1","4.3.2"
40.71317723,-73.957831555,1297390327.751313,"iPhone3,1","4.3.2"
40.71995605139917,-73.95705024905349,1297390328.431348,"iPhone3,1","4.3.2"
40.7209723379133,-73.95665629392954,1297390342.174404,"iPhone3,1","4.3.2"
40.683933984,-73.951633724,1297430738.388219,"iPhone3,1","4.3.2"
40.7585504068421,-73.9887948660526,1297433673.798664,"iPhone3,1","4.3.2"
40.75596678,-73.98800319,1297433673.909021,"iPhone3,1","4.3.2"
40.71248084,-73.94994395000001,1297475344.564594,"iPhone3,1","4.3.2"
40.71513793571428,-73.94850661428572,1297475344.661596,"iPhone3,1","4.3.2"
40.7184402110553,-73.95920363934674,1297486529.534336,"iPhone3,1","4.3.2"
40.68520917333333,-73.95336528333333,1297528719.368175,"iPhone3,1","4.3.2"
40.68383664333334,-73.95233668499999,1297532146.740514,"iPhone3,1","4.3.2"
40.68561643,-73.95878395,1297532146.942231,"iPhone3,1","4.3.2"
40.73461980039999,-73.92630074039999,1297532772.961099,"iPhone3,1","4.3.2"
40.73580472316667,-73.91383055683333,1297532773.657866,"iPhone3,1","4.3.2"
40.73591580327273,-73.92167150009094,1297532773.976813,"iPhone3,1","4.3.2"
40.79551746,-73.9271781385,1297533246.289114,"iPhone3,1","4.3.2"
40.79474927025139,-73.93236417924584,1297533246.902801,"iPhone3,1","4.3.2"
40.79959212496816,-73.93117466197448,1297533247.228605,"iPhone3,1","4.3.2"
40.81256503824999,-73.95132318275003,1297539949.175124,"iPhone3,1","4.3.2"
40.80648535827957,-73.95607083537635,1297540874.374061,"iPhone3,1","4.3.2"
40.80950528375,-73.95264932333335,1297549249.982088,"iPhone3,1","4.3.2"
40.80869366171429,-73.95173271914285,1297549250.065293,"iPhone3,1","4.3.2"
40.80873196427908,-73.95219939776743,1297549251.784039,"iPhone3,1","4.3.2"
40.80863961341741,-73.95136804173166,1297550183.65793,"iPhone3,1","4.3.2"
40.80807241760564,-73.94499727549294,1297550604.298144,"iPhone3,1","4.3.2"
40.80607493030304,-73.94548821545457,1297550607.285448,"iPhone3,1","4.3.2"
40.80708908979383,-73.94431525505152,1297550609.054853,"iPhone3,1","4.3.2"
40.80670432197673,-73.94270061740309,1297550618.391055,"iPhone3,1","4.3.2"
40.8054614396525,-73.94035022660229,1297550769.706991,"iPhone3,1","4.3.2"
40.8050243173611,-73.938924511875,1297550770.074343,"iPhone3,1","4.3.2"
40.80431441554687,-73.93766631734378,1297550869.890345,"iPhone3,1","4.3.2"
40.80485062222221,-73.93675159202023,1297550869.913031,"iPhone3,1","4.3.2"
40.80258607681646,-73.93486553943823,1297550970.972724,"iPhone3,1","4.3.2"
40.80355899122883,-73.93789983285379,1297550971.845662,"iPhone3,1","4.3.2"
40.7352713087805,-73.89404113097561,1297551482.076105,"iPhone3,1","4.3.2"
40.73945725737865,-73.90476547504853,1297551488.666928,"iPhone3,1","4.3.2"
40.73899001575163,-73.9007071605555,1297551489.381124,"iPhone3,1","4.3.2"
40.70092304508412,-73.95880458093748,1297552093.894451,"iPhone3,1","4.3.2"
40.70119559089886,-73.9566944764607,1297552094.013892,"iPhone3,1","4.3.2"
40.69607917350001,-73.9680340042917,1297552228.161182,"iPhone3,1","4.3.2"
40.69690319882352,-73.97292713588236,1297552228.183632,"iPhone3,1","4.3.2"
40.68548052517545,-73.95764167543858,1297554466.286315,"iPhone3,1","4.3.2"
40.72833350757575,-73.98774042848487,1297560917.931162,"iPhone3,1","4.3.2"
40.72480384701388,-73.98233534812505,1297560918.340988,"iPhone3,1","4.3.2"
40.72487591239727,-73.98251505534247,1297560918.40368,"iPhone3,1","4.3.2"
40.72503141863417,-73.98343585809754,1297560921.952426,"iPhone3,1","4.3.2"
40.72505716933404,-73.9828262986065,1297560922.751442,"iPhone3,1","4.3.2"
40.69016958658824,-73.97176052164704,1297613582.090949,"iPhone3,1","4.3.2"
40.6893849052566,-73.97434753799757,1297613582.656761,"iPhone3,1","4.3.2"
40.68973260791365,-73.97106439381297,1297613583.152918,"iPhone3,1","4.3.2"
40.6794453075,-73.95546306125,1297622480.944762,"iPhone3,1","4.3.2"
40.6849834,-73.95959305142857,1297647491.523648,"iPhone3,1","4.3.2"
40.75884191599999,-73.98677753799998,1297692861.770566,"iPhone3,1","4.3.2"
40.75910855833333,-73.98764887,1297692862.600854,"iPhone3,1","4.3.2"
40.7543932,-73.99147482000001,1297693029.296243,"iPhone3,1","4.3.2"
40.75621211,-73.98859655,1297807717.462007,"iPhone3,1","4.3.2"
40.7536522730303,-73.98921269454546,1297866208.573673,"iPhone3,1","4.3.2"
40.75365939,-73.98970761,1297894575.007706,"iPhone3,1","4.3.2"
40.75595313363636,-73.99054950454546,1297894576.999521,"iPhone3,1","4.3.2"
40.757637732,-73.99296946,1297894597.701946,"iPhone3,1","4.3.2"
40.70536285,-73.94875335,1297910315.563655,"iPhone3,1","4.3.2"
40.75792521,-73.98718332999999,1297981542.975932,"iPhone3,1","4.3.2"
40.68242346666667,-73.95526613333334,1298034263.03402,"iPhone3,1","4.3.2"
40.75812212625,-73.98955049624999,1298067745.422657,"iPhone3,1","4.3.2"
40.75818001435115,-73.99407199977098,1298067766.318199,"iPhone3,1","4.3.2"
40.75547665835821,-73.99227863895521,1298067770.139052,"iPhone3,1","4.3.2"
40.75773162999999,-73.98767969666666,1298069048.923891,"iPhone3,1","4.3.2"
40.73490577333333,-73.99333390033331,1298075952.581718,"iPhone3,1","4.3.2"
40.73643915054313,-73.99042095198081,1298075962.759297,"iPhone3,1","4.3.2"
40.73516468999998,-73.99127956994369,1298075966.090509,"iPhone3,1","4.3.2"
40.73568294269464,-73.98773968156982,1298075972.80885,"iPhone3,1","4.3.2"
40.73698431188743,-73.99151981983444,1298081159.569984,"iPhone3,1","4.3.2"
40.68825218591135,-73.96050067876851,1298126519.30488,"iPhone3,1","4.3.2"
40.69144678073454,-73.96159503650772,1298126521.232075,"iPhone3,1","4.3.2"
40.67778223756839,-73.99838249878415,1298127491.933842,"iPhone3,1","4.3.2"
40.73764921977937,-73.85043582775739,1298131066.625364,"iPhone3,1","4.3.2"
40.73780174666667,-73.84756058166666,1298131080.921444,"iPhone3,1","4.3.2"
40.73852033855447,-73.84913976605945,1298131081.704546,"iPhone3,1","4.3.2"
40.74224770880103,-73.85532221466833,1298131535.91253,"iPhone3,1","4.3.2"
41.11946021762375,-73.3826138677228,1298134820.259388,"iPhone3,1","4.3.2"
41.1210318485024,-73.37489653594207,1298134822.998713,"iPhone3,1","4.3.2"
41.12267468500001,-73.36754568916668,1298134823.154497,"iPhone3,1","4.3.2"
41.12262059506801,-73.37098416013608,1298134825.009849,"iPhone3,1","4.3.2"
41.14026291504855,-73.25468356223296,1298135757.309288,"iPhone3,1","4.3.2"
41.14558262852351,-73.25627082832216,1298135757.793992,"iPhone3,1","4.3.2"
41.15395838645615,-73.24440996017545,1298135972.193748,"iPhone3,1","4.3.2"
40.97905893728208,-73.45398919335899,1298135977.23755,"iPhone3,1","4.3.2"
41.72142127762375,-72.6613632438614,1298139803.926377,"iPhone3,1","4.3.2"
41.74031634025534,-72.66858690055319,1298139805.073183,"iPhone3,1","4.3.2"
41.74075844907264,-72.67481914216376,1298139808.393796,"iPhone3,1","4.3.2"
41.77777228653464,-72.67594810574261,1298139981.250767,"iPhone3,1","4.3.2"
41.77180820035603,-72.66967124281555,1298139981.567767,"iPhone3,1","4.3.2"
41.91383507302469,-72.61750156345678,1298140549.124231,"iPhone3,1","4.3.2"
41.91503010099007,-72.63890237900989,1298140550.280339,"iPhone3,1","4.3.2"
41.92494981705882,-72.61348521941176,1298141113.309138,"iPhone3,1","4.3.2"
41.92925530252579,-72.60792107530928,1298141114.437612,"iPhone3,1","4.3.2"
41.93018696900701,-72.61345644647049,1298144529.678301,"iPhone3,1","4.3.2"
42.3409175351515,-72.63805375590908,1298147127.250298,"iPhone3,1","4.3.2"
42.32959827009708,-72.61676059349514,1298147127.271777,"iPhone3,1","4.3.2"
42.34173426472222,-72.64144336429014,1298147127.883718,"iPhone3,1","4.3.2"
42.55922432881566,-72.6088067835195,1298147135.071768,"iPhone3,1","4.3.2"
41.29979453204484,-73.47002994330533,1298148682.977423,"iPhone3,1","4.3.2"
42.77990245029703,-72.54261477564357,1298148942.016665,"iPhone3,1","4.3.2"
42.85389200571428,-72.56336244178571,1298153291.130859,"iPhone3,1","4.3.2"
42.86759301668587,-72.5600830076081,1298153937.128143,"iPhone3,1","4.3.2"
43.42931968346535,-72.3206629843564,1298155992.184367,"iPhone3,1","4.3.2"
43.3664746973224,-72.37621890289617,1298156007.815153,"iPhone3,1","4.3.2"
43.54607565664926,-72.39300514554974,1298156774.535018,"iPhone3,1","4.3.2"
43.01309878298175,-72.50450325373227,1298158065.576314,"iPhone3,1","4.3.2"
43.63030522226415,-72.15713624207545,1298158291.279615,"iPhone3,1","4.3.2"
43.65563983202532,-72.23565809544297,1298158465.558667,"iPhone3,1","4.3.2"
43.65567164488706,-71.99000749770022,1298161700.174653,"iPhone3,1","4.3.2"
44.13753613732673,-71.3622966561386,1298161900.202962,"iPhone3,1","4.3.2"
43.69880921949494,-71.53281760555555,1298161976.452713,"iPhone3,1","4.3.2"
44.15970072019802,-72.05820857693072,1298162941.337911,"iPhone3,1","4.3.2"
44.04560406,-71.688729685,1298163542.948175,"iPhone3,1","4.3.2"
44.24178441554456,-70.89061675396037,1298212654.119054,"iPhone3,1","4.3.2"
44.05181912293334,-71.65895635693339,1298243196.220678,"iPhone3,1","4.3.2"
44.03858994182053,-71.67950920146157,1298255239.691081,"iPhone3,1","4.3.2"
43.08250807643564,-71.45602501207918,1298327520.803838,"iPhone3,1","4.3.2"
42.97578351407409,-71.46606822351853,1298327876.479275,"iPhone3,1","4.3.2"
42.99211746207547,-71.47357713797172,1298327876.863992,"iPhone3,1","4.3.2"
42.99371198215545,-71.46455467466427,1298327878.806191,"iPhone3,1","4.3.2"
42.9926997180592,-71.46419617428724,1298327881.342025,"iPhone3,1","4.3.2"
42.95704580877008,-71.45668554016041,1298327892.583776,"iPhone3,1","4.3.2"
42.98929431877908,-71.47491339119181,1298327915.77703,"iPhone3,1","4.3.2"
42.89990044910893,-71.47718330554453,1298328365.87016,"iPhone3,1","4.3.2"
42.62071076459461,-71.35245980878379,1298330827.545076,"iPhone3,1","4.3.2"
42.59105835693548,-71.38617510967744,1298331240.746209,"iPhone3,1","4.3.2"
42.55376111808511,-71.43946464712761,1298331417.11692,"iPhone3,1","4.3.2"
42.53704204953488,-71.53101940232558,1298331517.610701,"iPhone3,1","4.3.2"
42.50133543578432,-71.5336116695098,1298331783.439974,"iPhone3,1","4.3.2"
42.32613167670001,-71.66163763610001,1298332653.683119,"iPhone3,1","4.3.2"
42.25168313732672,-71.80027176455445,1298333240.944143,"iPhone3,1","4.3.2"
42.24255122772578,-71.80718682016722,1298333314.231835,"iPhone3,1","4.3.2"
42.24562521864409,-71.80246929050848,1298333314.765114,"iPhone3,1","4.3.2"
42.25389999987303,-71.81091074114291,1298333315.635147,"iPhone3,1","4.3.2"
42.16832561631067,-71.94983459300973,1298334074.11297,"iPhone3,1","4.3.2"
42.16285286992384,-71.94376492159903,1298334074.427559,"iPhone3,1","4.3.2"
41.94719376250328,-71.82688366940339,1298334077.755656,"iPhone3,1","4.3.2"
41.47793774723684,-73.21773660776309,1298340439.976452,"iPhone3,1","4.3.2"
41.48007469837837,-73.21393179234235,1298340440.051808,"iPhone3,1","4.3.2"
41.49311571465346,-73.2119590271287,1298340440.245737,"iPhone3,1","4.3.2"
41.52624326193519,-73.19934562040771,1298340443.109339,"iPhone3,1","4.3.2"
41.41655443029125,-73.435587805534,1298341357.736348,"iPhone3,1","4.3.2"
41.41229423829454,-73.43789015364334,1298341358.008475,"iPhone3,1","4.3.2"
41.103729010198,-73.71031375881186,1298343246.347124,"iPhone3,1","4.3.2"
40.94031386408164,-73.79720561816325,1298344071.39738,"iPhone3,1","4.3.2"
40.94163870414965,-73.81582668775508,1298344071.677518,"iPhone3,1","4.3.2"
40.9413037983289,-73.81661730994638,1298344073.754722,"iPhone3,1","4.3.2"
40.92639689749999,-73.80502491944446,1298344154.654047,"iPhone3,1","4.3.2"
40.92496858398772,-73.80762104466258,1298344155.588025,"iPhone3,1","4.3.2"
40.92468643822948,-73.80839509875405,1298344157.523922,"iPhone3,1","4.3.2"
40.87121919521127,-73.82616896197182,1298344411.776631,"iPhone3,1","4.3.2"
40.87053890084506,-73.82695034302822,1298344412.023428,"iPhone3,1","4.3.2"
40.89693987,-73.81724208,1298344412.045187,"iPhone3,1","4.3.2"
40.87307579382087,-73.82601930602979,1298344416.892411,"iPhone3,1","4.3.2"
40.87163287044186,-73.83440105783147,1298344417.361153,"iPhone3,1","4.3.2"
40.83506957079209,-73.84195234257426,1298344587.255551,"iPhone3,1","4.3.2"
40.83689226841668,-73.83860278591668,1298344588.983499,"iPhone3,1","4.3.2"
40.83656580909091,-73.84285915909089,1298344589.258906,"iPhone3,1","4.3.2"
40.83616923967532,-73.83878064129871,1298344589.848414,"iPhone3,1","4.3.2"
40.7661566114106,-73.86973626360199,1298345204.651784,"iPhone3,1","4.3.2"
40.76460559430107,-73.8650596072043,1298345204.673182,"iPhone3,1","4.3.2"
40.71881391547748,-73.99263833255623,1298347405.932497,"iPhone3,1","4.3.2"
40.76538804930694,-73.88460401168317,1298347405.965947,"iPhone3,1","4.3.2"
40.78073919327703,-73.90997858364858,1298347406.191771,"iPhone3,1","4.3.2"
40.76138315836366,-73.89719555548483,1298347648.093964,"iPhone3,1","4.3.2"
40.74578375312502,-73.89880996322916,1298347726.064337,"iPhone3,1","4.3.2"
40.73505024175879,-73.91277338447233,1298347845.832072,"iPhone3,1","4.3.2"
40.73421928022471,-73.91233448213484,1298347846.041813,"iPhone3,1","4.3.2"
40.73532576857465,-73.90771161306637,1298347846.440833,"iPhone3,1","4.3.2"
40.72532975869565,-73.94041995608696,1298348251.292602,"iPhone3,1","4.3.2"
40.72749659832282,-73.94533444930377,1298348251.627649,"iPhone3,1","4.3.2"
40.7281441578607,-73.94726516726369,1298348252.128279,"iPhone3,1","4.3.2"
40.71846791000002,-73.94551770017242,1298348392.910623,"iPhone3,1","4.3.2"
40.70775786648652,-73.9464346719369,1298348820.081572,"iPhone3,1","4.3.2"
40.71274763545455,-73.94402511045453,1298348820.109951,"iPhone3,1","4.3.2"
40.70737233580839,-73.94576587431142,1298348820.548783,"iPhone3,1","4.3.2"
40.70814369021576,-73.9468023781122,1298348820.789227,"iPhone3,1","4.3.2"
40.70073791258358,-73.94236136984799,1298349019.437613,"iPhone3,1","4.3.2"
40.70228447,-73.94279057333334,1298349019.623181,"iPhone3,1","4.3.2"
40.70260316556572,-73.94381648727831,1298349087.727716,"iPhone3,1","4.3.2"
40.68004375,-73.95964598,1298351196.711543,"iPhone3,1","4.3.2"
40.68590352223529,-73.95751266517648,1298351197.332537,"iPhone3,1","4.3.2"
40.68487573500001,-73.95704879749999,1298351199.515624,"iPhone3,1","4.3.2"
40.68495175142858,-73.95943693000001,1298351200.560332,"iPhone3,1","4.3.2"
40.757215885,-73.989213195,1298386847.912555,"iPhone3,1","4.3.2"
40.74897448636364,-73.97499169545455,1298422817.923767,"iPhone3,1","4.3.2"
40.74775918230495,-73.97232764843969,1298422818.922855,"iPhone3,1","4.3.2"
40.74727565362071,-73.97239896442528,1298422821.22768,"iPhone3,1","4.3.2"
40.74793054720443,-73.97649596773297,1298422822.142839,"iPhone3,1","4.3.2"
40.74643971528845,-73.97380843399043,1298422829.182208,"iPhone3,1","4.3.2"
40.74672327619287,-73.97173370670053,1298422834.861413,"iPhone3,1","4.3.2"
40.74670271754386,-73.97280887968421,1298422884.383463,"iPhone3,1","4.3.2"
40.74480142500001,-73.97187682500001,1298422893.902066,"iPhone3,1","4.3.2"
40.7461004123077,-73.980727285,1298423423.651618,"iPhone3,1","4.3.2"
40.74835315453038,-73.9780326151381,1298423424.260302,"iPhone3,1","4.3.2"
40.74992081640907,-73.97614718940909,1298423426.086707,"iPhone3,1","4.3.2"
40.74967468522726,-73.93752263556817,1298501601.344827,"iPhone3,1","4.3.2"
40.74650668621359,-73.91881843155339,1298501710.08929,"iPhone3,1","4.3.2"
40.7760087881,-73.9156765497,1298501892.672992,"iPhone3,1","4.3.2"
40.74496485052467,-73.93444970975304,1298501921.219825,"iPhone3,1","4.3.2"
40.76994212530925,-73.927657160799,1298501924.518537,"iPhone3,1","4.3.2"
40.9005664280822,-73.79641532904108,1298502759.920161,"iPhone3,1","4.3.2"
40.91475226623189,-73.7831482111594,1298502771.333568,"iPhone3,1","4.3.2"
40.92549625178217,-73.77071218861386,1298502879.056276,"iPhone3,1","4.3.2"
40.95827833050632,-73.73439824784809,1298502982.13141,"iPhone3,1","4.3.2"
40.96524202842858,-73.7133690927143,1298503070.521031,"iPhone3,1","4.3.2"
40.97439203242424,-73.69812810363639,1298503122.686895,"iPhone3,1","4.3.2"
40.98955722333334,-73.67279626333332,1298503211.192796,"iPhone3,1","4.3.2"
41.00342795960785,-73.66371596156864,1298503251.362421,"iPhone3,1","4.3.2"
41.01066761179488,-73.65593290897435,1298503357.54524,"iPhone3,1","4.3.2"
41.01558460823529,-73.6446696202941,1298503396.08046,"iPhone3,1","4.3.2"
41.04125799575342,-73.61476618232876,1298503497.939798,"iPhone3,1","4.3.2"
41.02103716342105,-73.55551271868423,1298503627.299809,"iPhone3,1","4.3.2"
42.2072240758416,-71.14154677425742,1298514908.523306,"iPhone3,1","4.3.2"
42.37583651076923,-71.12020958826923,1298518214.922172,"iPhone3,1","4.3.2"
42.37460641719389,-71.11893488770409,1298518215.790086,"iPhone3,1","4.3.2"
42.372356596625,-71.11651650409368,1298518454.659177,"iPhone3,1","4.3.2"
42.5037381234005,-71.14001694190146,1298518455.362163,"iPhone3,1","4.3.2"
42.37327311857144,-71.11798967926107,1298518455.556709,"iPhone3,1","4.3.2"
42.37119937011857,-71.11367236976284,1298518701.176458,"iPhone3,1","4.3.2"
42.34302931653179,-70.80693973121384,1298518701.272422,"iPhone3,1","4.3.2"
42.37091044738095,-71.11103288499999,1298518956.309551,"iPhone3,1","4.3.2"
42.37862733031249,-71.1049236234375,1298552604.017162,"iPhone3,1","4.3.2"
42.3664639392771,-71.11199429012049,1298565793.609138,"iPhone3,1","4.3.2"
42.37038275935485,-71.11227436548386,1298565794.731557,"iPhone3,1","4.3.2"
42.37055322731542,-71.11229159161076,1298565795.219034,"iPhone3,1","4.3.2"
42.36943329244978,-71.11393044257029,1298567983.995717,"iPhone3,1","4.3.2"
42.35851432425742,-71.12420936257425,1298567984.102389,"iPhone3,1","4.3.2"
42.379210984,-71.12369020466667,1298581562.07064,"iPhone3,1","4.3.2"
42.3792130656962,-71.12386806063292,1298581562.353277,"iPhone3,1","4.3.2"
42.38173202267016,-71.12008598607331,1298594468.934708,"iPhone3,1","4.3.2"
42.38784402555558,-71.12439609577778,1298594468.972078,"iPhone3,1","4.3.2"
42.38290455500002,-71.11964203672565,1298594469.591379,"iPhone3,1","4.3.2"
42.40122403911766,-71.15490537029414,1298596219.906868,"iPhone3,1","4.3.2"
42.35262958520296,-71.05508307867161,1298600245.802739,"iPhone3,1","4.3.2"
42.35799845091667,-71.06683554458336,1298600246.16395,"iPhone3,1","4.3.2"
42.50401330067371,-71.07239081463169,1298600246.960467,"iPhone3,1","4.3.2"
41.84308426083334,-71.40456007124999,1298604431.907765,"iPhone3,1","4.3.2"
41.817565795,-71.462069535,1298604675.595962,"iPhone3,1","4.3.2"
41.82806037833333,-71.44568096,1298604675.89856,"iPhone3,1","4.3.2"
41.80688199,-71.404088555,1298604783.066379,"iPhone3,1","4.3.2"
41.77846904916667,-71.43809888833334,1298604896.85974,"iPhone3,1","4.3.2"
41.75495391749999,-71.43538014575,1298604986.81172,"iPhone3,1","4.3.2"
41.72521379826087,-71.47427271043479,1298605111.50634,"iPhone3,1","4.3.2"
41.65725126181819,-71.46558072909092,1298605218.142511,"iPhone3,1","4.3.2"
41.68026288241381,-71.41484470379311,1298605218.373521,"iPhone3,1","4.3.2"
41.35298648374999,-71.96395833031248,1298607574.802439,"iPhone3,1","4.3.2"
41.36474060939025,-71.95619839158536,1298607574.846391,"iPhone3,1","4.3.2"
41.35301782379032,-71.96265704451612,1298607575.547424,"iPhone3,1","4.3.2"
41.35541522086561,-71.96862204458931,1298607581.91,"iPhone3,1","4.3.2"
41.36839725372548,-72.07001591294119,1298608499.515743,"iPhone3,1","4.3.2"
41.35155373002986,-72.07887948991042,1298608499.962258,"iPhone3,1","4.3.2"
41.35526220813599,-72.09612670236776,1298608500.067563,"iPhone3,1","4.3.2"
41.51324768935478,-72.09582906035259,1298608505.374076,"iPhone3,1","4.3.2"
41.27027426490385,-72.7105176173077,1298610854.133933,"iPhone3,1","4.3.2"
41.0442387244407,-73.54494680857623,1298614944.452809,"iPhone3,1","4.3.2"
41.04718180632729,-73.54140062927273,1298614944.917726,"iPhone3,1","4.3.2"
41.04409000231708,-73.54114761219512,1298614944.946898,"iPhone3,1","4.3.2"
40.99427567255954,-73.6680573714286,1298614948.709339,"iPhone3,1","4.3.2"
40.97322915666667,-73.690566365,1298615607.57404,"iPhone3,1","4.3.2"
40.991398515,-73.66299736722222,1298615607.93857,"iPhone3,1","4.3.2"
40.98377806520269,-73.68724898864865,1298615608.483987,"iPhone3,1","4.3.2"
40.98763230100841,-73.68385616957981,1298615608.603913,"iPhone3,1","4.3.2"
40.74998654358027,-74.00093789469138,1298617851.198779,"iPhone3,1","4.3.2"
40.75815886727273,-73.99266673909091,1298651324.263897,"iPhone3,1","4.3.2"
40.75927928331251,-73.99133354318749,1298651324.561654,"iPhone3,1","4.3.2"
40.75823431666667,-73.98923754111109,1298665212.019908,"iPhone3,1","4.3.2"
40.68485380666667,-73.95854421,1298741951.723572,"iPhone3,1","4.3.2"
40.68553140423077,-73.95908725076924,1298741952.417915,"iPhone3,1","4.3.2"
40.72475616534884,-73.94647651813952,1298758253.538061,"iPhone3,1","4.3.2"
40.72647046103734,-73.94942548510376,1298758255.33605,"iPhone3,1","4.3.2"
40.72687902169515,-73.94856253675219,1298758255.977981,"iPhone3,1","4.3.2"
40.72509540901962,-73.94514173261439,1298761696.265642,"iPhone3,1","4.3.2"
40.72505184056034,-73.94784402021551,1298769266.437956,"iPhone3,1","4.3.2"
40.72588789283586,-73.95126123713435,1298769664.566312,"iPhone3,1","4.3.2"
40.68624233428572,-73.95962235224492,1298781426.951115,"iPhone3,1","4.3.2"
40.68889927,-73.99117565,1298901040.229664,"iPhone3,1","4.3.2"
40.75639948239131,-73.98973753239132,1298914670.260488,"iPhone3,1","4.3.2"
40.75564742000001,-73.98624989212124,1298914670.725351,"iPhone3,1","4.3.2"
40.7579807616,-73.989614926,1298927193.606444,"iPhone3,1","4.3.2"
40.73755725431577,-73.99378491047368,1299032462.449934,"iPhone3,1","4.3.2"
40.73704978638889,-73.99285185666665,1299032462.92081,"iPhone3,1","4.3.2"
40.73831535792567,-73.99375105941172,1299032465.738927,"iPhone3,1","4.3.2"
40.73873257404955,-73.99089467171486,1299032466.130976,"iPhone3,1","4.3.2"
40.68535064285714,-73.96044712,1299037634.678896,"iPhone3,1","4.3.2"
40.68573134080746,-73.96091255242236,1299037634.924192,"iPhone3,1","4.3.2"
40.79839655585857,-73.92269786080809,1299087829.962179,"iPhone3,1","4.3.2"
40.80505458068626,-73.91469890450982,1299087833.867177,"iPhone3,1","4.3.2"
40.8043135814218,-73.91693492943132,1299087834.537329,"iPhone3,1","4.3.2"
40.80098229731135,-73.92953613912415,1299087835.047807,"iPhone3,1","4.3.2"
40.82204762989583,-73.88810665036455,1299087981.424741,"iPhone3,1","4.3.2"
40.85852859148515,-73.83506211613862,1299087981.4454,"iPhone3,1","4.3.2"
40.82029407647888,-73.87609244492958,1299087981.524144,"iPhone3,1","4.3.2"
40.82620026706141,-73.87859173653509,1299087983.494271,"iPhone3,1","4.3.2"
40.82311587914341,-73.8836943406785,1299087985.00101,"iPhone3,1","4.3.2"
40.8210608680831,-73.87640518364221,1299087985.337921,"iPhone3,1","4.3.2"
40.88050027193181,-73.81797383022727,1299088383.220402,"iPhone3,1","4.3.2"
40.98634791534654,-73.68187344990096,1299089000.06684,"iPhone3,1","4.3.2"
40.98606661796875,-73.68044905687505,1299089000.924914,"iPhone3,1","4.3.2"
40.98353803770136,-73.68448231877517,1299089001.14125,"iPhone3,1","4.3.2"
40.98653863698114,-73.67654024238993,1299089001.218455,"iPhone3,1","4.3.2"
41.29594744821782,-72.57650838930697,1299093880.119442,"iPhone3,1","4.3.2"
41.27945346320384,-72.51754069113272,1299093957.90583,"iPhone3,1","4.3.2"
41.52525328539403,-72.58887957979333,1299093963.450896,"iPhone3,1","4.3.2"
41.39698657188526,-72.21291927680328,1299095810.412396,"iPhone3,1","4.3.2"
41.33647674215189,-72.14344488409286,1299095810.986557,"iPhone3,1","4.3.2"
41.82857291923914,-71.41567650157607,1299099786.29251,"iPhone3,1","4.3.2"
41.83050442021277,-71.42107442595744,1299099786.324918,"iPhone3,1","4.3.2"
41.82838291096446,-71.41262970984769,1299099787.196083,"iPhone3,1","4.3.2"
41.82853266447896,-71.41217760033066,1299099791.023906,"iPhone3,1","4.3.2"
41.83094699290697,-71.44379184453497,1299100337.699368,"iPhone3,1","4.3.2"
41.82621496362903,-71.40970486486557,1299100337.995493,"iPhone3,1","4.3.2"
41.82586002926922,-71.4074987713077,1299100859.095334,"iPhone3,1","4.3.2"
41.8268972052151,-71.40317064086025,1299101258.486475,"iPhone3,1","4.3.2"
42.33942542476078,-71.12723754074167,1299101259.102395,"iPhone3,1","4.3.2"
41.82831994904763,-71.40161628321432,1299101609.294212,"iPhone3,1","4.3.2"
41.82773431028249,-71.40019936344638,1299101609.411439,"iPhone3,1","4.3.2"
41.82358560887499,-71.39803661549999,1299107476.679263,"iPhone3,1","4.3.2"
41.82661530392156,-71.40142771127447,1299107476.752387,"iPhone3,1","4.3.2"
41.82303604288888,-71.39761042277782,1299107477.336833,"iPhone3,1","4.3.2"
41.82289308979591,-71.39708743132654,1299107477.53187,"iPhone3,1","4.3.2"
41.82408232143665,-71.39776445625705,1299107483.468743,"iPhone3,1","4.3.2"
41.81215867558824,-71.44185372323531,1299122918.021887,"iPhone3,1","4.3.2"
41.79248050712873,-71.41712810623763,1299122994.340655,"iPhone3,1","4.3.2"
41.72642087069564,-71.4546883455652,1299123345.179498,"iPhone3,1","4.3.2"
41.07219674458715,-73.48033927174312,1299132851.379857,"iPhone3,1","4.3.2"
41.0692499642231,-73.49516919378486,1299132851.822423,"iPhone3,1","4.3.2"
41.07080559370078,-73.49547584177168,1299132851.921287,"iPhone3,1","4.3.2"
40.992685133035,-73.66991818427245,1299132856.861871,"iPhone3,1","4.3.2"
40.8884584088545,-73.80180028619196,1299134296.4673,"iPhone3,1","4.3.2"
40.88951770811881,-73.84040731504952,1299134357.711904,"iPhone3,1","4.3.2"
40.75535033384907,-73.98872420513206,1299173243.253617,"iPhone3,1","4.3.2"
40.75813540555556,-73.99271847999999,1299173373.848538,"iPhone3,1","4.3.2"
40.693847445,-73.974556785,1299286264.547594,"iPhone3,1","4.3.2"
40.68809539,-73.95776522,1299296532.230667,"iPhone3,1","4.3.2"
40.67425290250001,-73.97268728,1299433419.882383,"iPhone3,1","4.3.2"
40.67649735416667,-73.96197254833334,1299503377.044476,"iPhone3,1","4.3.2"
40.75484424,-73.98633635,1299540535.988659,"iPhone3,1","4.3.2"
40.71540128507463,-74.01174247985075,1299541978.473342,"iPhone3,1","4.3.2"
40.71908128133334,-73.962632044,1299552678.681737,"iPhone3,1","4.3.2"
40.70256276772727,-73.96165637681817,1299562528.840105,"iPhone3,1","4.3.2"
40.67859673,-73.96199482,1299589827.16181,"iPhone3,1","4.3.2"
40.68625708772728,-73.96049910718182,1299635533.444464,"iPhone3,1","4.3.2"
40.68610662,-73.96078461,1299635533.875171,"iPhone3,1","4.3.2"
40.68551361,-73.95697635000001,1299635534.421158,"iPhone3,1","4.3.2"
40.75444076799999,-73.99201942100001,1299679921.412722,"iPhone3,1","4.3.2"
40.76247617666666,-73.80135739875,1299679922.372664,"iPhone3,1","4.3.2"
40.75811215947369,-73.99262319824562,1299712698.925396,"iPhone3,1","4.3.2"
40.75889095816794,-73.98963198328245,1299712699.34018,"iPhone3,1","4.3.2"
40.7581525,-73.98940139071429,1299712706.538925,"iPhone3,1","4.3.2"
40.75468701,-73.98789048,1299713935.945824,"iPhone3,1","4.3.2"
40.75666869610295,-73.98267352647059,1299713937.255001,"iPhone3,1","4.3.2"
40.75542914726028,-73.98895457356163,1299713938.923903,"iPhone3,1","4.3.2"
40.74826525060607,-73.99258849515154,1299714045.569499,"iPhone3,1","4.3.2"
40.75579656917806,-73.97521832378996,1299715462.693132,"iPhone3,1","4.3.2"
40.73758688589287,-74.00036369964285,1299715498.569521,"iPhone3,1","4.3.2"
40.73777768618024,-73.99945694995711,1299715499.414903,"iPhone3,1","4.3.2"
40.73855097350818,-73.98684164822848,1299715502.215194,"iPhone3,1","4.3.2"
40.7364586707512,-73.99651549431925,1299719682.460393,"iPhone3,1","4.3.2"
40.73778779,-73.9982348625,1299719682.99671,"iPhone3,1","4.3.2"
40.75612327428571,-73.99083336285715,1299780689.540055,"iPhone3,1","4.3.2"
40.68608264591303,-73.96123230017389,1299802770.550752,"iPhone3,1","4.3.2"
40.68454461833333,-73.95935171166667,1299802787.90278,"iPhone3,1","4.3.2"
40.72483016,-73.94761873249999,1299812842.309286,"iPhone3,1","4.3.2"
40.72407756444444,-73.95082382000001,1299812856.267282,"iPhone3,1","4.3.2"
40.7239628425,-73.9522849975,1299812856.914225,"iPhone3,1","4.3.2"
40.68609151524389,-73.961472445,1299818189.510369,"iPhone3,1","4.3.2"
40.73730910196581,-73.99656390568377,1299851757.35838,"iPhone3,1","4.3.2"
40.736551015,-73.99742213554056,1299851757.71138,"iPhone3,1","4.3.2"
40.73711080039475,-73.99696582236841,1299851757.857921,"iPhone3,1","4.3.2"
40.7375207910622,-73.9923783128756,1299851758.272191,"iPhone3,1","4.3.2"
40.73534905973568,-73.99420269577091,1299863208.097094,"iPhone3,1","4.3.2"
40.73582901179248,-73.99510673094345,1299863208.644829,"iPhone3,1","4.3.2"
40.73593138962962,-74.02030849407407,1299863595.321481,"iPhone3,1","4.3.2"
40.73389717271027,-73.99913094470401,1299863595.699577,"iPhone3,1","4.3.2"
40.73429447734941,-73.99854319180724,1299863595.987485,"iPhone3,1","4.3.2"
40.75411736,-73.9908241,1299880286.152733,"iPhone3,1","4.3.2"
40.75549864716418,-73.99063365402985,1299880295.497458,"iPhone3,1","4.3.2"
40.755422361875,-73.98890615976562,1299880305.381821,"iPhone3,1","4.3.2"
40.75814641438463,-73.98930230300003,1299880310.228181,"iPhone3,1","4.3.2"
40.75830153330643,-73.99213014322579,1299880396.838257,"iPhone3,1","4.3.2"
40.75881613517132,-73.99175629327104,1299880480.185801,"iPhone3,1","4.3.2"
40.75734393946154,-73.990042671,1299880509.269613,"iPhone3,1","4.3.2"
40.75648576,-73.99095665999999,1299880597.256655,"iPhone3,1","4.3.2"
40.72683853326733,-73.98587016623763,1299893046.099729,"iPhone3,1","4.3.2"
40.70152989527779,-73.92227324527778,1299904352.157545,"iPhone3,1","4.3.2"
40.69612915895523,-73.9957189013433,1299985636.288492,"iPhone3,1","4.3.2"
40.6922232675,-73.98002482799998,1299986712.138935,"iPhone3,1","4.3.2"
40.68591576660794,-73.96183904704846,1300036206.275482,"iPhone3,1","4.3.2"
40.754028405,-73.98958086499999,1300138155.7912,"iPhone3,1","4.3.2"
40.75853486342106,-73.98933572122009,1300138187.088529,"iPhone3,1","4.3.2"
40.73387968514285,-74.00024403428571,1300149900.0531,"iPhone3,1","4.3.2"
40.71784616571428,-73.95966825428572,1300238257.886698,"iPhone3,1","4.3.2"
40.743789695,-73.949302875,1300240853.451903,"iPhone3,1","4.3.2"
40.69641607666667,-73.94494789333334,1300241929.415062,"iPhone3,1","4.3.2"
40.74552037693879,-73.99713872795917,1300282011.38456,"iPhone3,1","4.3.2"
40.75877925217392,-73.99347121608696,1300282013.599054,"iPhone3,1","4.3.2"
40.75483447,-73.98879784,1300282535.632167,"iPhone3,1","4.3.2"
40.75683531,-73.98855173000001,1300400098.497654,"iPhone3,1","4.3.2"
40.68362051,-73.95384976,1300447894.134364,"iPhone3,1","4.3.2"
40.68702944624999,-73.9821316325,1300450751.240265,"iPhone3,1","4.3.2"
40.68954855,-73.99133931999999,1300452254.11557,"iPhone3,1","4.3.2"
40.76203087830188,-73.97367978037732,1300487631.800494,"iPhone3,1","4.3.2"
40.75966411,-73.99163407,1300487873.317907,"iPhone3,1","4.3.2"
40.76445085643837,-73.97387664246574,1300489994.938033,"iPhone3,1","4.3.2"
40.76322848356435,-73.97156315306928,1300493178.124893,"iPhone3,1","4.3.2"
40.76277103500001,-73.978853965,1300493848.03568,"iPhone3,1","4.3.2"
40.76279204900001,-73.97708659129997,1300493849.696132,"iPhone3,1","4.3.2"
40.74837518124998,-73.98607330062501,1300494404.417838,"iPhone3,1","4.3.2"
40.68434995392858,-73.99794823500004,1300502153.050693,"iPhone3,1","4.3.2"
40.68243939598484,-73.96046728469695,1300645689.017955,"iPhone3,1","4.3.2"
40.6820781686641,-73.95792433293897,1300645689.20792,"iPhone3,1","4.3.2"
40.75276296797166,-73.84513797172416,1300716446.514872,"iPhone3,1","4.3.2"
40.76015895940299,-73.99058781567163,1300716529.559916,"iPhone3,1","4.3.2"
40.75858634,-73.99027502,1300716544.117968,"iPhone3,1","4.3.2"
40.75293238532258,-73.98675881661293,1300721483.640586,"iPhone3,1","4.3.2"
40.74994674642858,-73.98631396857145,1300721759.252182,"iPhone3,1","4.3.2"
40.74716841232323,-73.9813689317172,1300722060.462471,"iPhone3,1","4.3.2"
40.74362521863635,-73.97868713575758,1300722363.11291,"iPhone3,1","4.3.2"
40.743299646,-73.97138395,1300722530.879126,"iPhone3,1","4.3.2"
40.7461133747436,-73.97679665858973,1300722546.322504,"iPhone3,1","4.3.2"
40.69263526463414,-73.98893547475609,1300749802.434738,"iPhone3,1","4.3.2"
40.75570827,-73.98757863,1300808687.492487,"iPhone3,1","4.3.2"
40.73934233061856,-73.99388415536086,1300834842.77948,"iPhone3,1","4.3.2"
40.74998771833334,-73.988558775,1300835339.186637,"iPhone3,1","4.3.2"
40.75584612071428,-73.98950746428574,1300886676.707897,"iPhone3,1","4.3.2"
40.75533915280001,-73.9794557364,1300886676.907318,"iPhone3,1","4.3.2"
40.69365407103979,-73.832658537323,1300920440.931544,"iPhone3,1","4.3.2"
40.66002775036363,-73.95967888400003,1300921766.781419,"iPhone3,1","4.3.2"
40.65429112464384,-73.96241663591032,1300921767.329674,"iPhone3,1","4.3.2"
40.65094126660551,-73.96028569862384,1300925406.275841,"iPhone3,1","4.3.2"
40.68534620019322,-73.96093005246379,1300967464.336249,"iPhone3,1","4.3.2"
40.75811064517241,-73.99162603344828,1300986410.084932,"iPhone3,1","4.3.2"
40.75796841731449,-73.98837454738518,1300986410.460618,"iPhone3,1","4.3.2"
40.75569840904761,-73.98883579722956,1300986410.827357,"iPhone3,1","4.3.2"
40.75791334749226,-73.98981750845203,1300986509.144925,"iPhone3,1","4.3.2"
40.754649755,-73.98894172499999,1301004037.67681,"iPhone3,1","4.3.2"
40.75813110093023,-73.99260515465119,1301005750.943103,"iPhone3,1","4.3.2"
40.72065118228571,-73.98999080142858,1301009348.729556,"iPhone3,1","4.3.2"
40.72094620681249,-73.98883051571876,1301009349.347526,"iPhone3,1","4.3.2"
40.72077752189122,-73.98891618625461,1301009352.389373,"iPhone3,1","4.3.2"
40.72433652855334,-73.96077464427331,1301020169.771877,"iPhone3,1","4.3.2"
40.72409873714286,-73.95216426857142,1301020169.877667,"iPhone3,1","4.3.2"
40.75740404333333,-73.98790536,1301090623.104429,"iPhone3,1","4.3.2"
40.68464472266668,-73.95952434933334,1301160078.95169,"iPhone3,1","4.3.2"
40.68331719739131,-73.96295390391303,1301167891.998407,"iPhone3,1","4.3.2"
40.86436678243903,-73.91732244414635,1301171332.104913,"iPhone3,1","4.3.2"
40.86856249425809,-73.92149207061283,1301171333.019427,"iPhone3,1","4.3.2"
40.87119295218749,-73.91526258054692,1301171336.447007,"iPhone3,1","4.3.2"
40.87611324617284,-73.91578021604936,1301171554.1219,"iPhone3,1","4.3.2"
40.87188969415345,-73.91888686515871,1301171554.502244,"iPhone3,1","4.3.2"
40.87407283258229,-73.9137933119747,1301174036.231298,"iPhone3,1","4.3.2"
40.87766241041885,-73.91576015709425,1301174264.824823,"iPhone3,1","4.3.2"
40.85154900230767,-73.94155274059172,1301175533.572588,"iPhone3,1","4.3.2"
40.87724352457832,-73.94269901795181,1301175533.632482,"iPhone3,1","4.3.2"
40.85150636493427,-73.9343917687727,1301175949.107968,"iPhone3,1","4.3.2"
40.86110007909091,-73.92669249499998,1301177537.553001,"iPhone3,1","4.3.2"
40.86661657297572,-73.91908116650754,1301177538.409752,"iPhone3,1","4.3.2"
40.86660956828572,-73.92918489945457,1301177765.950788,"iPhone3,1","4.3.2"
40.757512535,-73.988192165,1301328362.862935,"iPhone3,1","4.3.2"
40.75814976191827,-73.99264361663529,1301328363.783944,"iPhone3,1","4.3.2"
40.75833799986781,-73.97829626954476,1301328364.01358,"iPhone3,1","4.3.2"
40.72425189201994,-73.95234963012464,1301357901.358514,"iPhone3,1","4.3.2"
40.6786347,-73.96199196000001,1301400625.823469,"iPhone3,1","4.3.2"
40.68628012508474,-73.95946224033898,1301446985.045496,"iPhone3,1","4.3.2"
40.68552567950818,-73.96034060016393,1301446989.424256,"iPhone3,1","4.3.2"
40.68343348031964,-73.9703658318722,1301448327.856304,"iPhone3,1","4.3.2"
40.68729853944443,-73.97772947722221,1301452122.254186,"iPhone3,1","4.3.2"
40.68645388783165,-73.9736747053061,1301452122.988439,"iPhone3,1","4.3.2"
40.68206630817391,-73.96524542652175,1301457387.697118,"iPhone3,1","4.3.2"
40.75516905675001,-73.98710890824999,1301525387.273727,"iPhone3,1","4.3.2"
40.75523684059559,-73.98849412836991,1301525388.588225,"iPhone3,1","4.3.2"
40.75471945820778,-73.98874168381813,1301525389.730672,"iPhone3,1","4.3.2"
40.75150940154639,-73.98703651144331,1301525875.498375,"iPhone3,1","4.3.2"
40.74387152721476,-73.99761651231545,1301525875.603232,"iPhone3,1","4.3.2"
38.88271307940507,-77.11137298489234,1301525876.440974,"iPhone3,1","4.3.2"
40.74957681371711,-73.98793412315796,1301526735.294296,"iPhone3,1","4.3.2"
40.7487764997143,-73.98849184571428,1301526735.34702,"iPhone3,1","4.3.2"
40.74937964752475,-73.98724895524752,1301526735.898301,"iPhone3,1","4.3.2"
40.7498767541019,-73.98869570675964,1301526736.230357,"iPhone3,1","4.3.2"
40.74854913917808,-73.98815751812786,1301527002.26384,"iPhone3,1","4.3.2"
40.74889193922004,-73.98868825598893,1301527176.607036,"iPhone3,1","4.3.2"
40.75382438,-73.99004617,1301579844.639949,"iPhone3,1","4.3.2"
40.76842327745099,-73.98195026176471,1301684530.174096,"iPhone3,1","4.3.2"
40.76758966495413,-73.98221686142199,1301684531.94968,"iPhone3,1","4.3.2"
40.76697442186853,-73.9829361296771,1301684541.202071,"iPhone3,1","4.3.2"
40.76655541132866,-73.9813512446154,1301685109.303046,"iPhone3,1","4.3.2"
40.71865154653464,-73.98931047594058,1301699555.259642,"iPhone3,1","4.3.2"
40.7194986508084,-73.98933389287426,1301699556.036155,"iPhone3,1","4.3.2"
40.71897503597852,-73.98893320141943,1301699556.278239,"iPhone3,1","4.3.2"
40.71814413092754,-73.99016409817392,1301700506.862629,"iPhone3,1","4.3.2"
40.68333204500001,-73.96388445142857,1301702774.37748,"iPhone3,1","4.3.2"
40.68272138414362,-73.96384824812158,1301702774.763437,"iPhone3,1","4.3.2"
40.72473781388889,-73.9531277488889,1301786967.697661,"iPhone3,1","4.3.2"
40.69657139625,-73.96873906375001,1301788512.296399,"iPhone3,1","4.3.2"
40.69462444164385,-73.96653509748855,1301788513.555069,"iPhone3,1","4.3.2"
40.69097915474999,-73.97300069000001,1301788826.653937,"iPhone3,1","4.3.2"
40.68977135662229,-73.96942295978722,1301788827.377073,"iPhone3,1","4.3.2"
40.68016885430555,-73.97331129930556,1301789070.638663,"iPhone3,1","4.3.2"
40.68101096105262,-73.96571618561403,1301789071.686164,"iPhone3,1","4.3.2"
40.6678375969697,-73.98469612666669,1301789650.828103,"iPhone3,1","4.3.2"
40.66608727294117,-73.98878826569666,1301789652.093554,"iPhone3,1","4.3.2"
40.6658328514742,-73.98728429732988,1301789665.948812,"iPhone3,1","4.3.2"
40.66323571625978,-73.99145492015582,1301790642.507475,"iPhone3,1","4.3.2"
40.6624856630693,-73.9857025130693,1301790643.765952,"iPhone3,1","4.3.2"
40.68642134401641,-73.96156520885246,1301866648.937948,"iPhone3,1","4.3.2"
40.68570057666667,-73.96152730466665,1301866649.138764,"iPhone3,1","4.3.2"
40.68891014496241,-73.96298950837092,1301867354.098525,"iPhone3,1","4.3.2"
40.69283105199999,-73.93547131353846,1301868203.672059,"iPhone3,1","4.3.2"
40.69522615715866,-73.93683432870846,1301868204.706643,"iPhone3,1","4.3.2"
40.69481415508949,-73.93547429627644,1301868208.326912,"iPhone3,1","4.3.2"
40.69921528915991,-73.93617208997294,1301868406.546187,"iPhone3,1","4.3.2"
40.69830312582356,-73.93557759061645,1301868406.941325,"iPhone3,1","4.3.2"
40.7036811056383,-73.93424056021279,1301868590.499336,"iPhone3,1","4.3.2"
40.703375479313,-73.93486101561074,1301868591.52883,"iPhone3,1","4.3.2"
40.7038459772164,-73.9342401117778,1301868595.005878,"iPhone3,1","4.3.2"
40.68712130999999,-73.961052145,1301877808.580724,"iPhone3,1","4.3.2"
40.74553642931608,-73.98742416207544,1301878455.319589,"iPhone3,1","4.3.2"
40.68079910454544,-73.98265472878789,1301878755.928759,"iPhone3,1","4.3.2"
40.67918892060244,-73.98182215325298,1301878756.605639,"iPhone3,1","4.3.2"
40.67900786949114,-73.98164631840712,1301885058.186727,"iPhone3,1","4.3.2"
40.68519678288137,-73.96042887186438,1301918806.132193,"iPhone3,1","4.3.2"
40.75540137,-73.98804104,1301929445.064765,"iPhone3,1","4.3.2"
40.756572373,-73.990224321,1301929445.841716,"iPhone3,1","4.3.2"
40.757352168,-73.991718564,1301929445.8674,"iPhone3,1","4.3.2"
40.75586805977272,-73.98973057318182,1301929445.926038,"iPhone3,1","4.3.2"
40.75586927107143,-73.98688096228572,1301929446.059943,"iPhone3,1","4.3.2"
40.75655617666668,-73.99043670641026,1301929448.910635,"iPhone3,1","4.3.2"
40.75644415747999,-73.98657673148001,1301929689.860264,"iPhone3,1","4.3.2"
40.75708263772034,-73.98392208185413,1301929696.782963,"iPhone3,1","4.3.2"
40.75687037793003,-73.9857927541691,1301929705.675176,"iPhone3,1","4.3.2"
40.75653751827586,-73.98597949655171,1301930175.429892,"iPhone3,1","4.3.2"
40.75550834828313,-73.98511054051203,1301930186.576781,"iPhone3,1","4.3.2"
40.7531428430693,-73.98161992247523,1301930528.1292,"iPhone3,1","4.3.2"
40.7534457625138,-73.98077234729284,1301930528.303398,"iPhone3,1","4.3.2"
40.75028387825923,-73.97298125229632,1301930945.668142,"iPhone3,1","4.3.2"
40.74996056134923,-73.97274819670641,1301930945.732126,"iPhone3,1","4.3.2"
40.7434880240404,-73.98347117858587,1301931023.028743,"iPhone3,1","4.3.2"
40.74364242538461,-73.97360907076924,1301931480.929823,"iPhone3,1","4.3.2"
40.74479730656068,-73.97238165465312,1301931481.553779,"iPhone3,1","4.3.2"
40.68187534,-73.96854114,1301958838.881854,"iPhone3,1","4.3.2"
40.68570537481011,-73.96116500063289,1301978383.800324,"iPhone3,1","4.3.2"
40.75187151128713,-73.97709595247527,1302009537.821481,"iPhone3,1","4.3.2"
40.75243485221843,-73.97637217634819,1302009539.280595,"iPhone3,1","4.3.2"
40.28866295733333,-76.90449426400001,1302009540.080881,"iPhone3,1","4.3.2"
40.75197342600005,-73.9775615732394,1302009542.330637,"iPhone3,1","4.3.2"
40.75211082151221,-73.97699711217251,1302009542.460526,"iPhone3,1","4.3.2"
40.71935529774193,-73.95836479161289,1302046239.042378,"iPhone3,1","4.3.2"
40.71225277386137,-73.96438739584161,1302061070.006533,"iPhone3,1","4.3.2"
40.71474686125,-73.96425559393749,1302061071.260554,"iPhone3,1","4.3.2"
40.71496793105754,-73.96982711894246,1302061074.803958,"iPhone3,1","4.3.2"
40.75523006755883,-73.98906875908821,1302100082.261477,"iPhone3,1","4.3.2"
40.755908526,-73.99072774,1302100082.326215,"iPhone3,1","4.3.2"
40.77349685157577,-73.98180407118181,1302133655.683838,"iPhone3,1","4.3.2"
40.77436436857143,-73.98141896333333,1302133655.953667,"iPhone3,1","4.3.2"
40.77473064698795,-73.98065243048191,1302133655.975642,"iPhone3,1","4.3.2"
40.53495237238304,-86.85564829912137,1302133661.734955,"iPhone3,1","4.3.2"
40.77366248882213,-73.98376307497048,1302133827.447322,"iPhone3,1","4.3.2"
40.7142917818182,-73.95431756929293,1302148542.679112,"iPhone3,1","4.3.2"
40.71340389912461,-73.9502902542087,1302148549.912802,"iPhone3,1","4.3.2"
40.713533397382,-73.95164301873405,1302148562.346279,"iPhone3,1","4.3.2"
40.69279447666667,-73.96703773333333,1302148977.414601,"iPhone3,1","4.3.2"
40.69396577280222,-73.96293241186815,1302148977.902545,"iPhone3,1","4.3.2"
40.69308415012173,-73.95885556806694,1302148978.033492,"iPhone3,1","4.3.2"
40.685023304,-73.95969608600001,1302149373.941987,"iPhone3,1","4.3.2"
40.67992206,-73.95517699333334,1302264456.222531,"iPhone3,1","4.3.2"
40.7547410975,-73.98950433249999,1302276470.598103,"iPhone3,1","4.3.2"
42.31698303193384,-71.05118401503815,1302286237.737278,"iPhone3,1","4.3.2"
42.50270492577054,-71.0692059580529,1302286240.239113,"iPhone3,1","4.3.2"
40.75807473805557,-73.97936629891024,1302299318.311425,"iPhone3,1","4.3.2"
40.75620611000001,-73.98869173373333,1302300222.427558,"iPhone3,1","4.3.2"
40.75593110573943,-73.99090801992958,1302301905.470434,"iPhone3,1","4.3.2"
40.76297864364406,-73.98608056587572,1302301958.680019,"iPhone3,1","4.3.2"
40.75706441666667,-73.98910082666667,1302302037.388538,"iPhone3,1","4.3.2"
40.68313519808384,-73.96384622200596,1302304265.524367,"iPhone3,1","4.3.2"
40.68245807180001,-73.96470959823627,1302304266.280903,"iPhone3,1","4.3.2"
40.68574549032259,-73.96116263129032,1302310409.619219,"iPhone3,1","4.3.2"
40.6782529325,-73.9602448575,1302354410.976626,"iPhone3,1","4.3.2"
40.70007316323671,-73.98259608188404,1302357034.315997,"iPhone3,1","4.3.2"
40.69725303600001,-73.98253892584617,1302357034.381714,"iPhone3,1","4.3.2"
40.70140025163043,-73.9870887547826,1302357268.031355,"iPhone3,1","4.3.2"
40.70230207192813,-73.98828819294121,1302357268.217326,"iPhone3,1","4.3.2"
40.71055497168394,-73.98693060981866,1302357285.71541,"iPhone3,1","4.3.2"
40.70346871683061,-73.9879079293989,1302357428.772852,"iPhone3,1","4.3.2"
40.7088986838614,-73.98864904306927,1302389530.107044,"iPhone3,1","4.3.2"
40.70370817219075,-73.98945135721647,1302389531.00899,"iPhone3,1","4.3.2"
40.68494445927929,-73.96099663738742,1302391089.020712,"iPhone3,1","4.3.2"
40.7534456031746,-73.97509414904761,1302527681.438725,"iPhone3,1","4.3.2"
40.7547636796956,-73.97653586903981,1302528954.142954,"iPhone3,1","4.3.2"
40.7577604675,-73.9890055675,1302543212.205043,"iPhone3,1","4.3.2"
40.68138134,-73.95491051,1302609654.7565,"iPhone3,1","4.3.2"
40.75826874155921,-73.97921021895557,1302623831.106669,"iPhone3,1","4.3.2"
40.75443699771429,-73.98931553342858,1302633095.421343,"iPhone3,1","4.3.2"
40.68108838,-73.9567818,1302743754.464227,"iPhone3,1","4.3.2"
40.68546185125,-73.9622631,1302743756.752043,"iPhone3,1","4.3.2"
40.68577835971832,-73.96093535633803,1302743757.003867,"iPhone3,1","4.3.2"
40.73115392265625,-74.00263600875004,1302747004.134959,"iPhone3,1","4.3.2"
40.73049870240261,-74.00193070603896,1302747004.800845,"iPhone3,1","4.3.2"
40.80809182851406,-73.95744624426656,1302747006.19734,"iPhone3,1","4.3.2"
40.73028977101266,-74.00163555962023,1302747008.620369,"iPhone3,1","4.3.2"
40.73015814809047,-74.00565189507543,1302747008.830127,"iPhone3,1","4.3.2"
40.72857656710146,-73.99953662484057,1302747832.476733,"iPhone3,1","4.3.2"
40.72558836806817,-74.00348714920455,1302751922.915232,"iPhone3,1","4.3.2"
40.72916474762376,-73.99984600653467,1302755807.215892,"iPhone3,1","4.3.2"
40.7460371893,-73.99067556860001,1302821150.961381,"iPhone3,1","4.3.2"
40.74614687016993,-73.99052530359771,1302821151.301395,"iPhone3,1","4.3.2"
40.74636937036301,-73.9923267633333,1302821156.53362,"iPhone3,1","4.3.2"
40.74713298955878,-73.99014902679414,1302821672.996654,"iPhone3,1","4.3.2"
40.6790655975,-73.9601335775,1302870144.419353,"iPhone3,1","4.3.2"
40.68491162615385,-73.9598264423077,1302870145.454497,"iPhone3,1","4.3.2"
40.68528927972729,-73.9621677548182,1302870146.465068,"iPhone3,1","4.3.2"
40.74864258719512,-73.97197128414633,1302873480.031311,"iPhone3,1","4.3.2"
40.74880012203213,-73.97117203224597,1302873480.50748,"iPhone3,1","4.3.2"
40.74619993833826,-73.9721654033235,1302874097.582471,"iPhone3,1","4.3.2"
40.74615040686587,-73.97646118114424,1302874098.034035,"iPhone3,1","4.3.2"
40.74343200693069,-73.97194148752475,1302874615.867558,"iPhone3,1","4.3.2"
40.76417324702128,-73.98318522808512,1302907437.014966,"iPhone3,1","4.3.2"
40.76441231551441,-73.98257194827161,1302907437.837599,"iPhone3,1","4.3.2"
40.76372956384755,-73.98295377609526,1302907438.048544,"iPhone3,1","4.3.2"
40.76560373012425,-73.97950183428566,1302907663.767897,"iPhone3,1","4.3.2"
40.76481637542857,-73.98023486557139,1302917641.318849,"iPhone3,1","4.3.2"
40.76540281003967,-73.98106624654764,1302919648.166687,"iPhone3,1","4.3.2"
40.76669650218184,-73.98079832890907,1302919721.304303,"iPhone3,1","4.3.2"
40.76578781974282,-73.98175637159997,1302920292.110056,"iPhone3,1","4.3.2"
40.76685279184898,-73.982167816849,1302920339.447038,"iPhone3,1","4.3.2"
40.76485579926404,-73.9836848512987,1302920745.392493,"iPhone3,1","4.3.2"
40.76440900623378,-73.98432429280518,1302920756.279484,"iPhone3,1","4.3.2"
40.68493652401161,-73.95927230133721,1302977346.597099,"iPhone3,1","4.3.2"
40.6853277937288,-73.95936477762712,1302977346.656298,"iPhone3,1","4.3.2"
40.68674167419355,-73.95506159451614,1302977347.180034,"iPhone3,1","4.3.2"
40.67433741800001,-73.99430251999999,1302981708.252956,"iPhone3,1","4.3.2"
40.67830455452835,-73.97958007849067,1302981708.902216,"iPhone3,1","4.3.2"
40.67419470225927,-73.99231533548152,1302981710.600849,"iPhone3,1","4.3.2"
40.67498439920762,-73.99793094784154,1302981710.690181,"iPhone3,1","4.3.2"
40.68543082352943,-73.9624437630719,1302990685.388037,"iPhone3,1","4.3.2"
40.69456647714286,-73.94581608428572,1303008149.907323,"iPhone3,1","4.3.2"
40.69521467781249,-73.94864361406252,1303008150.03898,"iPhone3,1","4.3.2"
40.69511152165562,-73.94713941221856,1303008305.416622,"iPhone3,1","4.3.2"
40.69561212221933,-73.94343718702343,1303008688.473823,"iPhone3,1","4.3.2"
40.68525477591478,-73.95971039158769,1303017640.993903,"iPhone3,1","4.3.2"
40.69406331472527,-73.95812260494507,1303039387.075438,"iPhone3,1","4.3.2"
40.69354896923839,-73.95638149798015,1303039388.303064,"iPhone3,1","4.3.2"
40.69443027427449,-73.95555754337252,1303039817.518255,"iPhone3,1","4.3.2"
40.69545068498741,-73.95486849216624,1303039918.834884,"iPhone3,1","4.3.2"
40.70721696118812,-73.9502458010891,1303040155.569205,"iPhone3,1","4.3.2"
40.70537065643887,-73.94851512865709,1303040156.121824,"iPhone3,1","4.3.2"
40.7045982603158,-73.94807799313155,1303040156.231375,"iPhone3,1","4.3.2"
40.71040069620054,-73.94973768535623,1303040365.622042,"iPhone3,1","4.3.2"
41.05533040356437,-73.82119758227724,1303042691.329241,"iPhone3,1","4.3.2"
41.05582185493506,-73.82392388589609,1303042691.594004,"iPhone3,1","4.3.2"
40.99171185979595,-73.82302787290253,1303042693.47544,"iPhone3,1","4.3.2"
41.17031091543478,-73.81919680478259,1303044305.748764,"iPhone3,1","4.3.2"
41.18952457867523,-73.80295804277777,1303044315.789177,"iPhone3,1","4.3.2"
40.99651965124355,-73.80039286235173,1303044320.487918,"iPhone3,1","4.3.2"
41.20488807767858,-73.73132462562499,1303044721.404519,"iPhone3,1","4.3.2"
41.20129860338344,-73.7931431908271,1303044727.469774,"iPhone3,1","4.3.2"
41.51831206619718,-73.90135970591547,1303047024.881581,"iPhone3,1","4.3.2"
41.52770702333332,-73.89470575100628,1303047024.978863,"iPhone3,1","4.3.2"
41.53330476621755,-73.89191345019591,1303047027.888417,"iPhone3,1","4.3.2"
41.60729399229887,-73.9262584794253,1303049539.854534,"iPhone3,1","4.3.2"
41.60544439366338,-73.95053635554457,1303049539.911983,"iPhone3,1","4.3.2"
41.60991321688693,-73.92116102730627,1303049542.557247,"iPhone3,1","4.3.2"
40.96900834713113,-73.87574334065573,1303085490.704427,"iPhone3,1","4.3.2"
40.9671305505645,-73.87019021564518,1303085491.30684,"iPhone3,1","4.3.2"
40.96891096861138,-73.87006570714162,1303085494.083271,"iPhone3,1","4.3.2"
40.68267860903617,-73.95775384433735,1303127946.76973,"iPhone3,1","4.3.2"
38.91930049280995,-77.41149186415977,1303132068.69914,"iPhone3,1","4.3.2"
40.75713691037736,-73.98800268339625,1303132387.550029,"iPhone3,1","4.3.2"
40.75598814559322,-73.98898603533897,1303132409.96293,"iPhone3,1","4.3.2"
40.7561821695291,-73.98955116711915,1303154584.522282,"iPhone3,1","4.3.2"
40.7562882244392,-73.98850986016353,1303154584.773052,"iPhone3,1","4.3.2"
40.69114500883331,-73.96916187241669,1303169039.171559,"iPhone3,1","4.3.2"
40.75815653160121,-73.99266117432032,1304451083.979796,"iPhone3,1","4.3.2"
40.75805981444519,-73.98046327368434,1304451085.635168,"iPhone3,1","4.3.2"
